<window id="133">
	<defaultcontrol></defaultcontrol>
		<animation effect="slide" start="0,-120" end="0,0" time="100">WindowOpen</animation>
		<animation effect="slide" start="0,0" end="0,-120" delay="400" time="100">WindowClose</animation>
	<controls>
		<control type="group">
			<posx>10</posx>
			<posy>20</posy>
			<animation effect="slide" end="0,-105" time="200" condition="Window.IsVisible(FullscreenVideo) | Window.IsVisible(Visualisation)">conditional</animation>
			<control type="image">
				<posx>0</posx>
				<posy>-10</posy>
				<width>500</width>
				<height>120</height>
				<texture>InfoMessagePanel2.png</texture>
			</control>
			<control type="label" id="401">
				<description>Caption Label</description>
				<posx>15</posx>
				<posy>8</posy>
				<width>470</width>
				<height>18</height>
				<font>cirrus_16_Bold</font>
				<textcolor>selected</textcolor>
				<align>left</align>
				<aligny>center</aligny>
			</control>
			<control type="label" id="405">
				<description>Current Directory Label</description>
				<posx>15</posx>
				<posy>50</posy>
				<width>470</width>
				<height>20</height>
				<font>cirrus_16</font>
				<align>left</align>
				<aligny>center</aligny>
			</control>
			<control type="progress" id="403">
				<description>progress control</description>
				<posx>15</posx>
				<posy>68</posy>
				<width>470</width>
				<height>18</height>
			</control>
			<control type="progress" id="404">
				<description>progress control</description>
				<posx>15</posx>
				<posy>86</posy>
				<width>470</width>
				<height>18</height>
			</control>
		</control>
	</controls>
</window>