<window id="106">
	<defaultcontrol>1000</defaultcontrol>
	<include>dialogeffect</include>
	<coordinates>
		<system>1</system>
		<posx>0</posx>
		<posy>0</posy>
	</coordinates>
	<controls>
		<control type="image" id="999">
			<description>background image</description>
			<posx>0</posx>
			<posy>0</posy>
			<width>358</width>
			<texture>dialogbackground.png</texture>
		</control>
		<control type="button" id="1000">
			<description>button template</description>
			<posx>0</posx>
			<posy>-</posy>
			<width>357</width>
			<height>38</height>
			<font>cirrus_20</font>
			<align>center</align>
			<textcolor>grey2</textcolor>
			<focusedcolor>white</focusedcolor>
			<texturefocus border="5">button-focus.png</texturefocus>
			<texturenofocus>-</texturenofocus>
		</control>
	</controls>
</window>