<window type="dialog" id="2000">
  <defaultcontrol always="true">3</defaultcontrol>
  <zorder>3</zorder>
  <coordinates>
    <system>1</system>
    <posx>235</posx>
    <posy>35</posy>
  </coordinates>
  <animation effect="slide" start="0,0" end="-150,0" time="0" condition="Control.IsVisible(6)">Conditionnal</animation>
  <include>dialogeffect</include>
  <controls>
    <control type="image">
	  <visible>Control.IsVisible(3)</visible>
      <description>background image</description>
      <posx>0</posx>
      <posy>0</posy>
      <width>810</width>
      <height>650</height>
      <texture border="40">dialogbackground.png</texture>
    </control>
	 <control type="image">
	  <visible>Control.IsVisible(6)</visible>
      <description>background image</description>
      <posx>0</posx>
      <posy>0</posy>
      <width>1110</width>
      <height>650</height>
      <texture border="40">dialogbackground.png</texture>
    </control>
    <control type="label" id="1">
      <description>header label</description>
      <posx>20</posx>
      <posy>18</posy>
      <width>770</width>
      <height>30</height>
      <font>cirrus_30</font>
      <label>$LOCALIZE[13406]</label>
      <align>center</align>
      <aligny>center</aligny>
      <textcolor>white</textcolor>
      <shadowcolor>black</shadowcolor>
    </control>
    <control type="list" id="3">
      <posx>20</posx>
      <posy>60</posy>
      <width>770</width>
      <height>520</height>
      <onup>3</onup>
      <ondown>3</ondown>
      <onleft>5</onleft>
      <onright>61</onright>
      <pagecontrol>61</pagecontrol>
      <scrolltime>200</scrolltime>
      <itemlayout height="100" width="770">
        <control type="image">
          <posx>120</posx>
          <posy>0</posy>
          <width>760</width>
          <height>100</height>
          <texture border="0,2,0,2">menuitemNF.png</texture>
        </control>
        <control type="label">
          <posx>10</posx>
          <posy>0</posy>
          <width>730</width>
          <height>100</height>
          <font>cirrus_24</font>
          <textcolor>grey2</textcolor>
          <selectedcolor>selected</selectedcolor>
          <align>left</align>
          <aligny>center</aligny>
          <label>$INFO[ListItem.Label]</label>
        </control>
      </itemlayout>
      <focusedlayout height="100" width="770">
        <control type="image">
          <posx>0</posx>
          <posy>0</posy>
          <width>760</width>
          <height>100</height>
          <texture border="0,2,0,2" flipx="true">listwhitegradient.png</texture>
        </control>
        <control type="label">
          <posx>10</posx>
          <posy>0</posy>
          <width>730</width>
          <height>100</height>
          <font>cirrus_24</font>
          <textcolor>white</textcolor>
          <selectedcolor>selected</selectedcolor>
          <align>left</align>
          <aligny>center</aligny>
          <label>$INFO[ListItem.Label]</label>
        </control>
       
      </focusedlayout>
    </control>
    <control type="list" id="6">
      <posx>10</posx>
      <posy>60</posy>
      <width>570</width>
      <height>520</height>
      <onup>3</onup>
      <ondown>3</ondown>
      <onleft>5</onleft>
      <onright>61</onright>
      <pagecontrol>61</pagecontrol>
      <scrolltime>200</scrolltime>
      <itemlayout height="100" width="570">
        <control type="image">
          <posx>120</posx>
          <posy>0</posy>
          <width>460</width>
          <height>100</height>
          <texture border="0,2,0,2">menuitemNF.png</texture>
        </control>
        <control type="label">
          <posx>130</posx>
          <posy>0</posy>
          <width>430</width>
          <height>100</height>
          <font>cirrus_24</font>
          <textcolor>grey2</textcolor>
          <selectedcolor>selected</selectedcolor>
          <align>left</align>
          <aligny>center</aligny>
          <label>$INFO[ListItem.Label]</label>
        </control>
        <control type="image">
          <posx>20</posx>
          <posy>0</posy>
          <width>100</width>
          <height>100</height>
          <selectedcolor>selected</selectedcolor>
          <align>left</align>
          <aligny>center</aligny>
          <texture>$INFO[ListItem.Icon]</texture>
        </control>
      </itemlayout>
      <focusedlayout height="100" width="770">
        <control type="image">
          <posx>120</posx>
          <posy>0</posy>
          <width>460</width>
          <height>100</height>
          <texture border="0,2,0,2" flipx="true">listwhitegradient.png</texture>
        </control>
        <control type="label">
          <posx>130</posx>
          <posy>0</posy>
          <width>430</width>
          <height>100</height>
          <font>cirrus_24</font>
          <textcolor>grey2</textcolor>
          <selectedcolor>selected</selectedcolor>
          <align>left</align>
          <aligny>center</aligny>
          <label>$INFO[ListItem.Label]</label>
        </control>
        <control type="image">
          <posx>20</posx>
          <posy>0</posy>
          <width>100</width>
          <height>100</height>
          <selectedcolor>selected</selectedcolor>
          <align>left</align>
          <aligny>center</aligny>
          <texture>$INFO[ListItem.Icon]</texture>
        </control>
      </focusedlayout>
    </control>
	<control type="scrollbar" id="61">
      <posx>770</posx>
      <posy>60</posy>
      <width>25</width>
      <height>520</height>
	  <animation effect="slide" start="0,0" end="-200,0" time="0" condition="Control.IsVisible(6)">Conditionnal</animation>
      <texturesliderbackground border="0,14,0,14">ScrollBarV.png</texturesliderbackground>
      <texturesliderbar border="0,14,0,14">ScrollBarV_bar.png</texturesliderbar>
      <texturesliderbarfocus border="0,14,0,14">ScrollBarV_bar_focus.png</texturesliderbarfocus>
      <textureslidernib>ScrollBarNib.png</textureslidernib>
      <textureslidernibfocus>ScrollBarNib.png</textureslidernibfocus>
      <onleft>3</onleft>
      <onright>3</onright>
      <ondown>61</ondown>
      <onup>61</onup>
      <showonepage>true</showonepage>
      <orientation>vertical</orientation>
    </control>
    <control type="image">
		<visible>Control.IsVisible(6)</visible>
		<posx>590</posx>
		<posy>0</posy>
		<width>500</width>
		<height>650</height>
		<aspectratio>keep</aspectratio>
		<info>Container(6).ListItem.Icon</info>
	</control>
	<control type="label">
	  <visible>Control.IsVisible(3)</visible>
      <description>number of files/pages in list text label</description>
      <posx>780</posx>
      <posy>592</posy>
      <width>300</width>
      <height>35</height>
      <font>cirrus_16</font>
      <align>right</align>
      <aligny>center</aligny>
      <scroll>true</scroll>
      <textcolor>grey</textcolor>
      <label>([COLOR=orange]$INFO[Container(3).NumItems][/COLOR]) $LOCALIZE[31025] - $LOCALIZE[31024] ([COLOR=orange]$INFO[Container(3).CurrentPage]/$INFO[Container(3).NumPages][/COLOR])</label>
    </control>
	<control type="label">
	  <visible>Control.IsVisible(6)</visible>
      <description>number of files/pages in list text label</description>
      <posx>1080</posx>
      <posy>592</posy>
      <width>300</width>
      <height>35</height>
      <font>cirrus_16</font>
      <align>right</align>
      <aligny>center</aligny>
      <scroll>true</scroll>
      <textcolor>grey</textcolor>
      <label>([COLOR=orange]$INFO[Container(6).NumItems][/COLOR]) $LOCALIZE[31025] - $LOCALIZE[31024] ([COLOR=orange]$INFO[Container(6).CurrentPage]/$INFO[Container(6).NumPages][/COLOR])</label>
    </control>
    <control type="button" id="5">
      <description>Manual button</description>
      <posx>20</posx>
      <posy>590</posy>
      <width>200</width>
      <height>40</height>
      <label>186</label>
      <font>cirrus_20</font>
      <textcolor>white</textcolor>
      <focusedcolor>white</focusedcolor>
      <align>center</align>
      <texturenofocus border="5">menuitemNF.png</texturenofocus>
      <texturefocus border="5">button-focus.png</texturefocus>
      <onleft>61</onleft>
      <onright>3</onright>
      <onup>3</onup>
      <ondown>3</ondown>
    </control>
  </controls>
</window>
