<includes>
	<include name="HomeMenu">
		<control type="group">
			<animation effect="slide" end="-370,0" time="500" tween="quadratic" easing="out">WindowClose</animation>
			<animation effect="slide" start="-370,0" time="500" tween="quadratic" easing="out">WindowOpen</animation>
			<control type="image">
				<posx>0</posx>
				<posy>0</posy>
				<width>280</width>
				<height>750</height>
				<texture>black-back3.png</texture>
			</control>

		<!-- HOME MENU SUBMENUS -->
			<control type="group" id="9001">
				<posx>0</posx>
				<posy>240</posy>
				<control type="image">
					<posx>10</posx>
					<posy>-500</posy>
					<width>280</width>
					<height>1250</height>
					<texture>homesubbackground.png</texture>
					<aspectratio>stretch</aspectratio>
				</control>
				<animation effect="fade" start="100" end="0" time="500" condition="!ControlGroup(9001).HasFocus">conditional</animation>
				<animation effect="fade" start="0" end="100" time="500" condition="ControlGroup(9001).HasFocus">conditional</animation>
				<animation effect="fade" start="100" end="0" time="500" condition="ControlGroup(9001).HasFocus">WindowClose</animation>
				<animation effect="slide" end="270,0" time="500" tween="quadratic" easing="out" condition="ControlGroup(9001).HasFocus">conditional</animation>
				<!-- VIDEOS SUBMENU -->
				<control type="grouplist" id="9010">
					<posx>10</posx>
					<posy>0</posy>
					<width>280</width>
					<height>240</height>
					<align>center</align>
					<onleft>9000</onleft>
					<include condition="!Skin.HasSetting(homepageHideRandomVideoAdded)">onright8000</include>
					<include condition="Skin.HasSetting(homepageHideRandomVideoAdded)">onright8010</include>
					<onup>9010</onup>
					<ondown>9010</ondown>
					<itemgap>0</itemgap>
					<visible>Container(9000).HasFocus(2)</visible>
					<control type="button" id="90101">
						<include>ButtonHomeSubCommonValues</include>
						<label>342</label>
						<onclick>ActivateWindow(VideoLibrary,MovieTitles,return)</onclick>
						<visible>Library.HasContent(Movies)</visible>
					</control>
					<control type="button" id="90102">
						<include>ButtonHomeSubCommonValues</include>
						<label>20343</label>
						<onclick>ActivateWindow(VideoLibrary,TvShowTitles,return)</onclick>
						<visible>Library.HasContent(TVShows)</visible>
					</control>
					<control type="button" id="90103">
						<include>ButtonHomeSubCommonValues</include>
						<label>20389</label>
						<onclick>ActivateWindow(VideoLibrary,MusicVideoTitles,return)</onclick>
						<visible>Library.HasContent(MusicVideos)</visible>
					</control>
					<control type="button" id="90104">
						<include>ButtonHomeSubCommonValues</include>
						<label>744</label>
						<onclick>ActivateWindow(VideoFiles)</onclick>
					</control>
					<control type="button" id="90105">
						<include>ButtonHomeSubCommonValues</include>
						<label>14022</label>
						<onclick>ActivateWindow(VideoLibrary)</onclick>
						<visible>Library.HasContent(Videos)</visible>
					</control>
					<control type="button" id="90106">
						<include>ButtonHomeSubCommonValues</include>
						<label>31007</label>
						<onclick>ActivateWindow(VideoLibrary,Plugins)</onclick>
						<visible>Library.HasContent(Video)</visible>
					</control>
					<control type="button" id="90107">
						<include>ButtonHomeSubCommonValues</include>
						<label>31007</label>
						<onclick>ActivateWindow(VideoFiles,$LOCALIZE[1037])</onclick>
						<visible>!Library.HasContent(Video)</visible>
					</control>
				</control>
				<!-- MUSIC SUBMENU -->
				<control type="grouplist" id="9011">
					<posx>10</posx>
					<posy>0</posy>
					<width>280</width>
					<height>240</height>
					<align>center</align>
					<onleft>9000</onleft>
					<!--onright>9001</onright-->
					<onright>8004</onright>
					<onup>9011</onup>
					<ondown>9011</ondown>
					<itemgap>0</itemgap>
					<visible>Container(9000).HasFocus(3)</visible>
					<control type="button" id="90111">
						<include>ButtonHomeSubCommonValues</include>
						<label>133</label>
						<onclick>ActivateWindow(MusicLibrary,Artists,return)</onclick>
						<visible>Library.HasContent(Music)</visible>
					</control>
					<control type="button" id="90112">
						<include>ButtonHomeSubCommonValues</include>
						<label>132</label>
						<onclick>ActivateWindow(MusicLibrary,Albums,return)</onclick>
						<visible>Library.HasContent(Music)</visible>
					</control>
					<control type="button" id="90113">
						<include>ButtonHomeSubCommonValues</include>
						<label>134</label>
						<onclick>ActivateWindow(MusicLibrary,Songs,return)</onclick>
						<visible>Library.HasContent(Music)</visible>
					</control>
					<control type="button" id="90114">
						<include>ButtonHomeSubCommonValues</include>
						<label>744</label>
						<onclick>ActivateWindow(MusicFiles)</onclick>
					</control>
					<control type="button" id="90115">
						<include>ButtonHomeSubCommonValues</include>
						<label>14022</label>
						<onclick>ActivateWindow(MusicLibrary)</onclick>
						<visible>Library.HasContent(Music)</visible>
					</control>
					<control type="button" id="9011456">
						<include>ButtonHomeSubCommonValues</include>
						<label>653</label>
						<onclick>UpdateLibrary(Music)</onclick>
					</control>
					<control type="button" id="90117">
						<include>ButtonHomeSubCommonValues</include>
						<label>31007</label>
						<onclick>ActivateWindow(MusicFiles,$LOCALIZE[1038])</onclick>
						<visible>!Library.HasContent(Music)</visible>
					</control>
				</control>
				<!-- Weather SUBMENU -->
				<control type="grouplist" id="9012">
					<posx>10</posx>
					<posy>0</posy>
					<width>280</width>
					<height>240</height>
					<align>center</align>
					<onleft>9000</onleft>
					<!--onright>9001</onright-->
					<onright>8004</onright>
					<onup>9012</onup>
					<ondown>9012</ondown>
					<itemgap>0</itemgap>
					<visible>Container(9000).HasFocus(6)</visible>
					<control type="button" id="90121">
						<include>ButtonHomeSubCommonValues</include>
						<label>Today</label>
						<onclick>Skin.SetString(Weather,1)</onclick>
					</control>
					<control type="button" id="90122">
						<include>ButtonHomeSubCommonValues</include>
						<label>4 Day - Mini</label>
						<onclick>Skin.SetString(Weather,2)</onclick>
					</control>
					<control type="button" id="90123">
						<include>ButtonHomeSubCommonValues</include>
						<label>4 Day - Full</label>
						<onclick>Skin.SetString(Weather,3)</onclick>
					</control>
				</control>
				<!-- Foto SUBMENU -->
				<control type="grouplist" id="9013">
					<posx>10</posx>
					<posy>0</posy>
					<width>280</width>
					<height>240</height>
					<align>center</align>
					<onleft>9000</onleft>
					<!--onright>9001</onright-->
					<onright>8004</onright>
					<onup>9013</onup>
					<ondown>9013</ondown>
					<itemgap>0</itemgap>
					<visible>Container(9000).HasFocus(4)</visible>
					<control type="button" id="90131">
						<include>ButtonHomeSubCommonValues</include>
						<label>Year</label>
						<onclick>ActivateWindow(10002,"plugin://plugin.image.mypicsdb/?period='year'&value=''&viewmode='view'&action='showdate'&name=''")</onclick>
					</control>
					<control type="button" id="90132">
						<include>ButtonHomeSubCommonValues</include>
						<label>Folders</label>
						<onclick>ActivateWindow(10002,"plugin://plugin.image.mypicsdb/?method='folders'&folderid=''&onlypics='non'&viewmode='view'&action='showfolder'&name=''")</onclick>
					</control>
					<control type="button" id="90133">
						<include>ButtonHomeSubCommonValues</include>
						<label>Period</label>
						<onclick>ActivateWindow(10002,"plugin://plugin.image.mypicsdb/?period=''&viewmode='view'&action='showperiod'&name='Period'")</onclick>
					</control>
					<control type="button" id="90134">
						<include>ButtonHomeSubCommonValues</include>
						<label>Keywords</label>
						<onclick>ActivateWindow(10002,"plugin://plugin.image.mypicsdb/?kw=''&viewmode='view'&action='showkeywords'&name=''")</onclick>
					</control>
					<control type="button" id="90135">
						<include>ButtonHomeSubCommonValues</include>
						<label>Collections</label>
						<onclick>ActivateWindow(10002,"plugin://plugin.image.mypicsdb/?collect=''&method='show'&viewmode='view'&action='showcollection'&name='Collections'")</onclick>
					</control>
				</control>
				<!-- Settings submenu -->
				<control type="grouplist" id="9014">
					<posx>10</posx>
					<posy>0</posy>
					<width>240</width>
					<height>280</height>
					<align>center</align>
					<onleft>9000</onleft>
					<onright>9001</onright>
					<onup>9014</onup>
					<ondown>9014</ondown>
					<itemgap>0</itemgap>
					<visible>Container(9000).HasFocus(5)</visible>
					<control type="button" id="90141">
						<include>ButtonHomeSubCommonValues</include>
						<label>5</label>
						<onclick>ActivateWindow(Settings)</onclick>
					</control>
					<control type="button" id="90142">
						<include>ButtonHomeSubCommonValues</include>
						<label>7</label>
						<onclick>ActivateWindow(FileManager)</onclick>
					</control>
					<control type="button" id="90146">
						<include>ButtonHomeSubCommonValues</include>
						<label>24001</label>
						<onclick>ActivateWindow(AddonBrowser)</onclick>
					</control>
					<control type="button" id="90143">
						<include>ButtonHomeSubCommonValues</include>
						<label>13200</label>
						<onclick>ActivateWindow(Profiles)</onclick>
					</control>
					<control type="button" id="90144">
						<include>ButtonHomeSubCommonValues</include>
						<label>130</label>
						<onclick>ActivateWindow(SystemInfo)</onclick>
					</control>
					<control type="button" id="90145">
						<include>ButtonHomeSubCommonValues</include>
						<label>470</label>
						<onclick>ActivateWindow(Credits)</onclick>
						<visible>False</visible>
					</control>

					<!-- WHEN CLEAN HOME SELECTED -->
					<control type="button" id="901451">
						<include>ButtonHomeSubCommonValues</include>
						<label>13005</label>
						<onclick>ActivateWindow(ShutdownMenu)</onclick>
						<visible>Skin.HasSetting(cleanHome)</visible>
					</control>
					<control type="button" id="901452">
						<include>ButtonHomeSubCommonValues</include>
						<label>1036</label>
						<onclick>ActivateWindow(Favourites)</onclick>
						<visible>Skin.HasSetting(cleanHome)</visible>
					</control>
					<control type="button" id="901453">
						<include>ButtonHomeSubCommonValues</include>
						<label>1036</label>
						<onclick>ActivateWindow(Information)</onclick>
						<visible>Skin.HasSetting(cleanHome)</visible>
					</control>
					<control type="button" id="901454">
						<include>ButtonHomeSubCommonValues</include>
						<label>446</label>
						<onclick>XBMC.PlayDVD()</onclick>
						<visible>Skin.HasSetting(cleanHome)</visible>
					</control>
					<!-- END -->
				</control>
				<control type="grouplist" id="9015">
					<posx>10</posx>
					<posy>0</posy>
					<width>280</width>
					<height>240</height>
					<align>center</align>
					<onleft>9000</onleft>
					<onright>9001</onright>
					<onup>9015</onup>
					<ondown>9015</ondown>
					<itemgap>0</itemgap>
					<visible>Container(9000).HasFocus(8) + [[Skin.HasSetting(HomeScriptButton1) + !IsEmpty(Skin.String(HomeScriptButton1_label))] | [Skin.HasSetting(HomeScriptButton2) + !IsEmpty(Skin.String(HomeScriptButton2_label))] | [Skin.HasSetting(HomeScriptButton3) + !IsEmpty(Skin.String(HomeScriptButton3_label))] | [Skin.HasSetting(HomeScriptButton4) + !IsEmpty(Skin.String(HomeScriptButton4_label))] | [Skin.HasSetting(HomeScriptButton5) + !IsEmpty(Skin.String(HomeScriptButton5_label))] | [Skin.HasSetting(HomeScriptButton6) + !IsEmpty(Skin.String(HomeScriptButton6_label))]]</visible>
					<control type="button" id="90151">
						<description>Button1</description>
						<include>ButtonHomeSubCommonValues</include>
						<label>$INFO[Skin.String(HomeScriptButton1_label)]</label>
						<onclick>Setfocus(9000)</onclick>
						<onclick>XBMC.RunScript($INFO[Skin.String(HomeScriptButton1_Path)])</onclick>
						<visible>Skin.HasSetting(HomeScriptButton1) + !IsEmpty(Skin.String(HomeScriptButton1_label))</visible>
					</control>
					<control type="button" id="90152">
						<description>Button2</description>
						<include>ButtonHomeSubCommonValues</include>
						<label>$INFO[Skin.String(HomeScriptButton2_label)]</label>
						<onclick>Setfocus(9000)</onclick>
						<onclick>XBMC.RunScript($INFO[Skin.String(HomeScriptButton2_Path)])</onclick>
						<visible>Skin.HasSetting(HomeScriptButton2) + !IsEmpty(Skin.String(HomeScriptButton2_label))</visible>
					</control>
					<control type="button" id="90153">
						<description>Button3</description>
						<include>ButtonHomeSubCommonValues</include>
						<label>$INFO[Skin.String(HomeScriptButton3_label)]</label>
						<onclick>Setfocus(9000)</onclick>
						<onclick>XBMC.RunScript($INFO[Skin.String(HomeScriptButton3_Path)])</onclick>
						<visible>Skin.HasSetting(HomeScriptButton3) + !IsEmpty(Skin.String(HomeScriptButton3_label))</visible>
					</control>
					<control type="button" id="90154">
						<description>Button4</description>
						<include>ButtonHomeSubCommonValues</include>
						<label>$INFO[Skin.String(HomeScriptButton4_label)]</label>
						<onclick>Setfocus(9000)</onclick>
						<onclick>XBMC.RunScript($INFO[Skin.String(HomeScriptButton4_Path)])</onclick>
						<visible>Skin.HasSetting(HomeScriptButton4) + !IsEmpty(Skin.String(HomeScriptButton4_label))</visible>
					</control>
					<control type="button" id="90155">
						<description>Button5</description>
						<include>ButtonHomeSubCommonValues</include>
						<label>$INFO[Skin.String(HomeScriptButton5_label)]</label>
						<onclick>Setfocus(9000)</onclick>
						<onclick>XBMC.RunScript($INFO[Skin.String(HomeScriptButton5_Path)])</onclick>
						<visible>Skin.HasSetting(HomeScriptButton5) + !IsEmpty(Skin.String(HomeScriptButton5_label))</visible>
					</control>
					<control type="button" id="90156">
						<description>Button6</description>
						<include>ButtonHomeSubCommonValues</include>
						<label>$INFO[Skin.String(HomeScriptButton6_label)]</label>
						<onclick>Setfocus(9000)</onclick>
						<onclick>XBMC.RunScript($INFO[Skin.String(HomeScriptButton6_Path)])</onclick>
						<visible>Skin.HasSetting(HomeScriptButton6) + !IsEmpty(Skin.String(HomeScriptButton6_label))</visible>
					</control>
				</control>
				<!-- MY MAIN MENU MODS -->
				<control type="grouplist" id="9016"> <!-- Movie -->
					<posx>10</posx>
					<posy>0</posy>
					<width>280</width>
					<height>400</height>
					<align>center</align>
					<onleft>9000</onleft>
					<onright>8002</onright>
					<onup>9016</onup>
					<ondown>9016</ondown>
					<itemgap>0</itemgap>
					<visible>Container(9000).HasFocus(10)</visible>
					<control type="button" id="901671">
						<include>ButtonHomeSubCommonValues</include>
						<label>1219</label>
						<onclick>ActivateWindow(VideoFiles)</onclick>
					</control>
					<control type="button" id="90161">
						<include>ButtonHomeSubCommonValues</include>
						<label>369</label>
						<onclick>ActivateWindow(VideoLibrary,MovieTitles,return)</onclick>
					</control>
					<control type="button" id="90162">
						<include>ButtonHomeSubCommonValues</include>
						<label>135</label>
						<onclick>ActivateWindow(VideoLibrary,MovieGenres,return)</onclick>
					</control>
					<control type="button" id="90163">
						<include>ButtonHomeSubCommonValues</include>
						<label>652</label>
						<onclick>ActivateWindow(VideoLibrary,MovieYears,return)</onclick>
					</control>
					<control type="button" id="90166">
						<include>ButtonHomeSubCommonValues</include>
						<label>31328</label>
						<onclick>ActivateWindow(VideoLibrary,RecentlyAddedMovies,return)</onclick>
					</control>
					<control type="button" id="90164">
						<include>ButtonHomeSubCommonValues</include>
						<label>344</label>
						<onclick>ActivateWindow(VideoLibrary,MovieActors,return)</onclick>
					</control>
					<control type="button" id="90165">
						<include>ButtonHomeSubCommonValues</include>
						<label>20348</label>
						<onclick>ActivateWindow(VideoLibrary,MovieDirectors,return)</onclick>
					</control>
					<control type="button" id="9016701">
						<include>ButtonHomeSubCommonValues</include>
						<label>653</label>
						<onclick>UpdateLibrary(Video)</onclick>
					</control>
				</control>
				<control type="grouplist" id="9017"> <!-- TVShow -->
					<posx>10</posx>
					<posy>0</posy>
					<width>280</width>
					<height>240</height>
					<align>center</align>
					<onleft>9000</onleft>
					<onright>8003</onright>
					<onup>9017</onup>
					<ondown>9017</ondown>
					<itemgap>0</itemgap>
					<visible>Container(9000).HasFocus(11)</visible>
					<control type="button" id="90171">
						<include>ButtonHomeSubCommonValues</include>
						<label>369</label>
						<onclick>ActivateWindow(VideoLibrary,TVShowTitles,return)</onclick>
					</control>
					<control type="button" id="90172">
						<include>ButtonHomeSubCommonValues</include>
						<label>135</label>
						<onclick>ActivateWindow(VideoLibrary,TVShowGenres,return)</onclick>
					</control>
					<control type="button" id="90173">
						<include>ButtonHomeSubCommonValues</include>
						<label>652</label>
						<onclick>ActivateWindow(VideoLibrary,TVShowYears,return)</onclick>
					</control>
					<control type="button" id="90174">
						<include>ButtonHomeSubCommonValues</include>
						<label>344</label>
						<onclick>ActivateWindow(VideoLibrary,TVShowActors,return)</onclick>
					</control>
					<control type="button" id="90175">
						<include>ButtonHomeSubCommonValues</include>
						<label>31328</label>
						<onclick>ActivateWindow(VideoLibrary,RecentlyAddedEpisodes,return)</onclick>
					</control>
					<control type="button" id="90176134">
						<include>ButtonHomeSubCommonValues</include>
						<label>653</label>
						<onclick>UpdateLibrary(Video)</onclick>
					</control>
				</control>
			</control>
			<control type="image">
				<posx>0</posx>
				<posy>0</posy>
				<width>500</width>
				<height>720</height>
				<texture>blackgradient.png</texture>
			</control>
			 <control type="label">
		<animation effect="slide" end="1280,0" time="500" tween="quadratic" easing="out">WindowClose</animation>
		<animation effect="slide" start="1280,0" time="500" tween="quadratic" easing="out">WindowOpen</animation>
        <description>Date label</description>
        <posx>290</posx>
        <posy>10</posy>
        <width>550</width>
        <height>28</height>
        <aligny>center</aligny>
        <font>cirrus_24</font>
        <textcolor>grey</textcolor>
        <shadowcolor>black</shadowcolor>
        <label>$INFO[System.Date]</label>
      </control>      
			<!-- MAIN MENU -->
			<control type="fixedlist" id="9000">
				<hitrect x="50" y="50" w="330" h="620" />
				<posx>-20</posx>
				<posy>80</posy>
				<width>400</width>
				<height>520</height>
				<onleft>10</onleft>
				<onright>9001</onright>
				<onup>9000</onup>
				<ondown>9000</ondown>
				<pagecontrol>-</pagecontrol>
				<scrolltime>300</scrolltime>
				<focusposition>3</focusposition>
				<movement>1</movement>
				<animation effect="fade" start="0" end="100" time="20">Visible</animation>
				<animation effect="fade" start="100" end="30" time="20" condition="Window.IsVisible(1113) | ControlGroup(9001).HasFocus | ControlGroup(10).HasFocus | Control.HasFocus(8000) | Control.HasFocus(8001)">conditional</animation>
				<itemlayout height="102" width="380">
					<control type="label">
						<posx>40</posx>
						<posy>21</posy>
						<width>380</width>
						<height>40</height>
						<font>cirrus_50</font>
						<textcolor>grey3</textcolor>
						<align>left</align>
						<aligny>center</aligny>
						<label>$INFO[ListItem.Label]</label>
						<animation effect="zoom" start="65" end="65" time="0" condition="true">Conditional</animation>
						<animation effect="fade" start="100" end="30" time="0" condition="Window.IsVisible(1113) | ControlGroup(9001).HasFocus | ControlGroup(10).HasFocus">conditional</animation>
					</control>
				</itemlayout>
				<focusedlayout height="102" width="380">
					<control type="label">
						<posx>40</posx>
						<posy>21</posy>
						<width>380</width>
						<height>40</height>
						<font>cirrus_50</font>
						<textcolor>white</textcolor>
						<align>left</align>
						<aligny>center</aligny>
						<animation effect="zoom" start="65" end="100" time="200">Focus</animation>
						<animation effect="zoom" start="100" end="65" time="200">UnFocus</animation>
						<label>$INFO[ListItem.Label]</label>
					</control>
					<control type="image">
						<posx>45</posx>
						<posy>70</posy>
						<width>18</width>
						<height>18</height>
						<texture>HomeHasSub.png</texture>
						<visible>Container(9000).HasFocus(2) | Container(9000).HasFocus(3) | Container(9000).HasFocus(4) | Container(9000).HasFocus(5) | Container(9000).HasFocus(6) | Container(9000).HasFocus(7) | Container(9000).HasFocus(9) | [Container(9000).HasFocus(8) + [[Skin.HasSetting(HomeScriptButton1) + !IsEmpty(Skin.String(HomeScriptButton1_label))] | [Skin.HasSetting(HomeScriptButton2) + !IsEmpty(Skin.String(HomeScriptButton2_label))] | [Skin.HasSetting(HomeScriptButton3) + !IsEmpty(Skin.String(HomeScriptButton3_label))] | [Skin.HasSetting(HomeScriptButton4) + !IsEmpty(Skin.String(HomeScriptButton4_label))] | [Skin.HasSetting(HomeScriptButton5) + !IsEmpty(Skin.String(HomeScriptButton5_label))] | [Skin.HasSetting(HomeScriptButton6) + !IsEmpty(Skin.String(HomeScriptButton6_label))]]] | Container(9000).HasFocus(10) | Container(9000).HasFocus(11)</visible>
						<animation effect="fade" start="0" end="100" time="200">Focus</animation>
						<animation effect="fade" start="100" end="0" time="200">UnFocus</animation>
					</control>
				</focusedlayout>
				<content>
					<item id="8">
						<label>247</label>
						<onclick>ActivateWindow(Scripts)</onclick>
						<icon>special://skin/backgrounds/scripts.jpg</icon>
						<thumb>$INFO[Skin.String(Home_Custom_Back_Scripts_Folder)]</thumb>
						<visible>!Skin.HasSetting(HomeMenuNoScriptsButton)</visible>
					</item>
					<item id="6">
						<label>8</label>
						<onclick>ActivateWindow(Weather)</onclick>
						<icon>special://skin/backgrounds/weather.jpg</icon>
						<thumb>$INFO[Skin.String(Home_Custom_Back_Weather_Folder)]</thumb>
						<visible>!Skin.HasSetting(HomeMenuNoWeatherButton)</visible>
						<visible>!Skin.HasSetting(ShowWeatherFanart) | IsEmpty(Skin.String(WeatherFanartDir))</visible>
					</item>
					<item id="6">
						<label>8</label>
						<onclick>ActivateWindow(Weather)</onclick>
						<icon>special://skin/backgrounds/weather.jpg</icon>
						<thumb>$INFO[Skin.String(WeatherFanartDir)]$INFO[Weather.FanartCode]</thumb>
						<visible>!Skin.HasSetting(HomeMenuNoWeatherButton)</visible>
						<visible>Skin.HasSetting(ShowWeatherFanart) + !IsEmpty(Skin.String(WeatherFanartDir))</visible>
					</item>
					<item id="4">
						<label>1</label>
						<onclick>ActivateWindow(Pictures)</onclick>
						<icon>special://skin/backgrounds/pictures.jpg</icon>
						<thumb>$INFO[Skin.String(Home_Custom_Back_Pictures_Folder)]</thumb>
						<visible>!Skin.HasSetting(HomeMenuNoPicturesButton)</visible>
					</item>
					<item id="2">
						<label>3</label>
						<onclick>ActivateWindow(Videos)</onclick>
						<icon>special://skin/backgrounds/videos.jpg</icon>
						<thumb>$INFO[Skin.String(Home_Custom_Back_Video_Folder)]</thumb>
						<visible>!Skin.HasSetting(HomeMenuNoVideosButton) + ![Skin.HasSetting(HomeMenuNoMoviesButton) + Skin.HasSetting(HomeMenuNoTVShowsButton)]</visible>
					</item>
					<item id="2">
						<label>3</label>
						<onclick>ActivateWindow(VideoFiles)</onclick>
						<icon>special://skin/backgrounds/videos.jpg</icon>
						<thumb>$INFO[Skin.String(Home_Custom_Back_Video_Folder)]</thumb>
						<visible>!Skin.HasSetting(HomeMenuNoVideosButton) + [Skin.HasSetting(HomeMenuNoMoviesButton) + Skin.HasSetting(HomeMenuNoTVShowsButton)]</visible>
					</item>
					<item id="10">
						<label>20342</label>
						<onclick>ActivateWindow(VideoLibrary,MovieTitles,return)</onclick>
						<icon>special://skin/backgrounds/videos.jpg</icon>
						<thumb>$INFO[Skin.String(Home_Custom_Back_Movies_Folder)]</thumb>
						<visible>!Skin.HasSetting(HomeMenuNoMoviesButton) + Library.HasContent(Movies)</visible>
					</item>
					<item id="11">
						<label>20343</label>
						<onclick>ActivateWindow(VideoLibrary,TVShowTitles,return)</onclick>
						<icon>special://skin/backgrounds/tv_shows.jpg</icon>
						<thumb>$INFO[Skin.String(Home_Custom_Back_TVShow_Folder)]</thumb>
						<visible>!Skin.HasSetting(HomeMenuNoTVShowsButton) + Library.HasContent(TVShows)</visible>
					</item>
					<item id="15">
						<description>Custom Movie One</description>
						<label>$INFO[Skin.String(Menu_Custom1_Label)]</label>
						<icon>special://skin/media/backgrounds/custom.jpg</icon>
						<thumb>$INFO[Skin.String(Menu_Custom1_Folder)]</thumb>
						<onclick>$INFO[Skin.String(Menu_Custom1_Path)]</onclick>
						<visible>Skin.HasSetting(Menu_Custom1)</visible>
					</item>
					<item id="16">
						<description>Custom Movie Two</description>
						<label>$INFO[Skin.String(Menu_Custom2_Label)]</label>
						<icon>special://skin/media/backgrounds/custom.jpg</icon>
						<thumb>$INFO[Skin.String(Menu_Custom2_Folder)]</thumb>
						<onclick>$INFO[Skin.String(Menu_Custom2_Path)]</onclick>
						<visible>Skin.HasSetting(Menu_Custom2)</visible>
					</item>
					<item id="17">
						<description>Custom Movie Three</description>
						<label>$INFO[Skin.String(Menu_Custom3_Label)]</label>
						<icon>special://skin/media/backgrounds/custom.jpg</icon>
						<thumb>$INFO[Skin.String(Menu_Custom3_Folder)]</thumb>
						<onclick>$INFO[Skin.String(Menu_Custom3_Path)]</onclick>
						<visible>Skin.HasSetting(Menu_Custom3)</visible>
					</item>
					<item id="22">
						<description>Custom Movie Seven</description>
						<label>$INFO[Skin.String(Menu_Custom7_Label)]</label>
						<icon>special://skin/media/backgrounds/custom.jpg</icon>
						<thumb>$INFO[Skin.String(Menu_Custom7_Folder)]</thumb>
						<onclick>$INFO[Skin.String(Menu_Custom7_Path)]</onclick>
						<visible>Skin.HasSetting(Menu_Custom7)</visible>
					</item>
					<item id="23">
						<description>Custom Movie Eight</description>
						<label>$INFO[Skin.String(Menu_Custom8_Label)]</label>
						<icon>special://skin/media/backgrounds/custom.jpg</icon>
						<thumb>$INFO[Skin.String(Menu_Custom8_Folder)]</thumb>
						<onclick>$INFO[Skin.String(Menu_Custom8_Path)]</onclick>
						<visible>Skin.HasSetting(Menu_Custom8)</visible>
					</item>
					<item id="19">
						<description>Custom Movie Four</description>
						<label>$INFO[Skin.String(Menu_Custom4_Label)]</label>
						<icon>special://skin/media/backgrounds/custom.jpg</icon>
						<thumb>$INFO[Skin.String(Menu_Custom4_Folder)]</thumb>
						<onclick>XBMC.ActivateWindow(10025,$INFO[Skin.String(Menu_Custom4_Path)],return)</onclick>
						<visible>Skin.HasSetting(Menu_Custom4)</visible>
					</item>
					<item id="20">
						<description>Custom Movie Five</description>
						<label>$INFO[Skin.String(Menu_Custom5_Label)]</label>
						<icon>special://skin/media/backgrounds/custom.jpg</icon>
						<thumb>$INFO[Skin.String(Menu_Custom5_Folder)]</thumb>
						<onclick>XBMC.ActivateWindow(10025,$INFO[Skin.String(Menu_Custom5_Path)],return)</onclick>
						<visible>Skin.HasSetting(Menu_Custom5)</visible>
					</item>
					<item id="21">
						<description>Custom Movie Six</description>
						<label>$INFO[Skin.String(Menu_Custom6_Label)]</label>
						<icon>special://skin/media/backgrounds/custom.jpg</icon>
						<thumb>$INFO[Skin.String(Menu_Custom6_Folder)]</thumb>
						<onclick>XBMC.ActivateWindow(10025,$INFO[Skin.String(Menu_Custom6_Path)],return)</onclick>
						<visible>Skin.HasSetting(Menu_Custom6)</visible>
					</item>
					<item id="24">
						<description>Custom Movie Nine</description>
						<label>$INFO[Skin.String(Menu_Custom9_Label)]</label>
						<icon>special://skin/media/backgrounds/custom.jpg</icon>
						<thumb>$INFO[Skin.String(Menu_Custom9_Folder)]</thumb>
						<onclick>XBMC.ActivateWindow(10025,$INFO[Skin.String(Menu_Custom9_Path)],return)</onclick>
						<visible>Skin.HasSetting(Menu_Custom9)</visible>
					</item>
					<item id="25">
						<description>Custom Movie TEn</description>
						<label>$INFO[Skin.String(Menu_Custom10_Label)]</label>
						<icon>special://skin/media/backgrounds/custom.jpg</icon>
						<thumb>$INFO[Skin.String(Menu_Custom10_Folder)]</thumb>
						<onclick>XBMC.ActivateWindow(10025,$INFO[Skin.String(Menu_Custom10_Path)],return)</onclick>
						<visible>Skin.HasSetting(Menu_Custom10)</visible>
					</item>
					<item id="3">
						<label>2</label>
						<onclick>ActivateWindow(Music)</onclick>
						<icon>special://skin/backgrounds/music.jpg</icon>
						<thumb>$INFO[Skin.String(Home_Custom_Back_Music_Folder)]</thumb>
						<visible>!Skin.HasSetting(HomeMenuNoMusicButton)</visible>
					</item>
					<item id="1">
						<label>0</label>
						<onclick>ActivateWindow(Programs,Addons,return)</onclick>
						<icon>special://skin/backgrounds/programs.jpg</icon>
						<thumb>$INFO[Skin.String(Home_Custom_Back_Programs_Folder)]</thumb>
						<visible>!Skin.HasSetting(HomeMenuNoProgramsButton)</visible>
					</item>
					<item id="5">
						<label>13000</label>
						<onclick>ActivateWindow(Settings)</onclick>
						<icon>special://skin/backgrounds/settings.jpg</icon>
						<thumb>$INFO[Skin.String(Home_Custom_Back_Settings_Folder)]</thumb>
					</item>
				</content>
			</control>
			
		</control>
	</include>
	<include name="onright8000">
	<onright>8000</onright>
	</include>
	<include name="onright8010">
	<onright>8010</onright>
	</include>
</includes>