<window type="dialog" id="120">
	<defaultcontrol always="true">602</defaultcontrol>
	<controls>
		<control type="group">
			<include condition="Skin.HasSetting(BottomControlPanel)">BottomPanel</include>
			<include condition="!Skin.HasSetting(BottomControlPanel)">TopPanel</include>
			<control type="image"> <!-- background -->
				<posx>0</posx>
				<posy>0</posy>
				<width>1280</width>
				<height>100</height>
				<aspectratio>stretch</aspectratio>
 				<texture flipy="true">OSDbackground.png</texture> <!-- flip y when up the top -->
			</control>
<!-- GROUP FOR PLAYER CONTROLS -->
			<control type="group" id="100">
				<posx>300</posx>
				<posy>5</posy>
				<control type="button" id="600">
					<posx>0</posx>
					<posy>0</posy>
					<width>48</width>
					<height>48</height>
					<label>210</label>
					<font>-</font>
					<texturefocus>OSDPrevTrackFO.png</texturefocus>
					<texturenofocus>OSDPrevTrackNF.png</texturenofocus>
					<onleft>804</onleft>
					<onright>601</onright>
					<onclick>PlayerControl(Previous)</onclick>
				</control>
				<control type="button" id="601">
					<posx>50</posx>
					<posy>0</posy>
					<width>48</width>
					<height>48</height>
					<label>31354</label>
					<font>-</font>
					<texturefocus>OSDRewindFO.png</texturefocus>
					<texturenofocus>OSDRewindNF.png</texturenofocus>
					<onleft>600</onleft>
					<onright>602</onright>
					<onclick>PlayerControl(Rewind)</onclick>
				</control>
				<control type="togglebutton" id="602">
					<posx>100</posx>
					<posy>0</posy>
					<width>48</width>
					<height>48</height>
					<label>31351</label>
					<altlabel>208</altlabel>
					<font>-</font>
					<texturefocus>OSDPauseFO.png</texturefocus>
					<texturenofocus>OSDPauseNF.png</texturenofocus>
					<usealttexture>Player.Paused | Player.Forwarding | Player.Rewinding</usealttexture>
					<alttexturefocus>OSDPlayFO.png</alttexturefocus>
					<alttexturenofocus>OSDPlayNF.png</alttexturenofocus>
					<onleft>601</onleft>
					<onright>603</onright>
					<onclick>PlayerControl(Play)</onclick>
				</control>
				<control type="button" id="603">
					<posx>150</posx>
					<posy>0</posy>
					<width>48</width>
					<height>48</height>
					<label>31352</label>
					<font>-</font>
					<texturefocus>OSDStopFO.png</texturefocus>
					<texturenofocus>OSDStopNF.png</texturenofocus>
					<onleft>602</onleft>
					<onright>604</onright>
					<onclick>PlayerControl(Stop)</onclick>
				</control>
				<control type="button" id="604">
					<posx>200</posx>
					<posy>0</posy>
					<width>48</width>
					<height>48</height>
					<label>31353</label>
					<font>-</font>
					<texturefocus>OSDForwardFO.png</texturefocus>
					<texturenofocus>OSDForwardNF.png</texturenofocus>
					<onleft>603</onleft>
					<onright>605</onright>
					<onclick>PlayerControl(Forward)</onclick>
				</control>
				<control type="button" id="605">
					<posx>250</posx>
					<posy>0</posy>
					<width>48</width>
					<height>48</height>
					<label>209</label>
					<font>-</font>
					<texturefocus>OSDNextTrackFO.png</texturefocus>
					<texturenofocus>OSDNextTrackNF.png</texturenofocus>
					<onleft>604</onleft>
					<onright>704</onright>
					<onclick>PlayerControl(Next)</onclick>
				</control>
			</control>
<!-- GROUP FOR REPEAT AND RANDOM BUTTONS -->
			<control type="group" id="201">
				<posx>575</posx>
				<posy>5</posy>
				<control type="button" id="704">
					<posx>50</posx>
					<posy>0</posy>
					<width>48</width>
					<height>48</height>
					<label>$LOCALIZE[486]$INFO[Playlist.Repeat, : ]</label>
					<font>-</font>
					<texturefocus>-</texturefocus>
					<texturenofocus>-</texturenofocus>
					<onclick>XBMC.PlayerControl(Repeat)</onclick>
					<onleft>605</onleft>
					<onright>705</onright>
				</control>
				<control type="image">
					<posx>50</posx>
					<posy>0</posy>
					<width>48</width>
					<height>48</height>
					<texture>OSDRepeatNF.png</texture>
					<visible>!Playlist.IsRepeat + !Playlist.IsRepeatOne</visible>
					<visible>!Control.HasFocus(704)</visible>
				</control>
				<control type="image">
					<posx>50</posx>
					<posy>0</posy>
					<width>48</width>
					<height>48</height>
					<texture>OSDRepeatFO.png</texture>
					<visible>!Playlist.IsRepeat + !Playlist.IsRepeatOne</visible>
					<visible>Control.HasFocus(704)</visible>
				</control>
				<control type="image">
					<posx>50</posx>
					<posy>0</posy>
					<width>48</width>
					<height>48</height>
					<texture>OSDRepeatOneNF.png</texture>
					<visible>Playlist.IsRepeatOne</visible>
					<visible>!Control.HasFocus(704)</visible>
				</control>
				<control type="image">
					<posx>50</posx>
					<posy>0</posy>
					<width>48</width>
					<height>48</height>
					<texture>OSDRepeatOneFO.png</texture>
					<visible>Playlist.IsRepeatOne</visible>
					<visible>Control.HasFocus(704)</visible>
				</control>
				<control type="image">
					<posx>50</posx>
					<posy>0</posy>
					<width>48</width>
					<height>48</height>
					<texture>OSDRepeatAllNF.png</texture>
					<visible>Playlist.IsRepeat</visible>
					<visible>!Control.HasFocus(704)</visible>
				</control>
				<control type="image">
					<posx>50</posx>
					<posy>0</posy>
					<width>48</width>
					<height>48</height>
					<texture>OSDRepeatAllFO.png</texture>
					<visible>Playlist.IsRepeat</visible>
					<visible>Control.HasFocus(704)</visible>
				</control>
				<control type="togglebutton" id="705">
					<posx>100</posx>
					<posy>0</posy>
					<width>48</width>
					<height>48</height>
					<label>$LOCALIZE[590]$INFO[Playlist.Random, : ]</label>
					<font>-</font>
					<texturefocus>OSDRandomOffFO.png</texturefocus>
					<texturenofocus>OSDRandomOffNF.png</texturenofocus>
					<usealttexture>Playlist.IsRandom</usealttexture>
					<alttexturefocus>OSDRandomOnFO.png</alttexturefocus>
					<alttexturenofocus>OSDRandomOnNF.png</alttexturenofocus>
					<onclick>XBMC.PlayerControl(Random)</onclick>
					<onleft>704</onleft>
					<onright>706</onright>
				</control>
				<control type="button" id="706">
					<posx>150</posx>
					<posy>0</posy>
					<width>48</width>
					<height>48</height>
					<label>264</label>
					<font>-</font>
					<texturefocus>OSDRecordFO.png</texturefocus>
					<texturenofocus>OSDRecordNF.png</texturenofocus>
					<onleft>705</onleft>
					<onright>700</onright>
					<onup>605</onup>
					<ondown>605</ondown>
					<onclick>XBMC.PlayerControl(record)</onclick>
					<enable>Player.CanRecord</enable>
					<animation effect="fade" start="100" end="50" time="100" condition="!Player.CanRecord">Conditional</animation>
				</control> 
			</control>
<!-- SETTING GROUP -->
			<control type="group" id="200">
				<posx>800</posx>
				<posy>5</posy>
				<control type="button" id="700">
					<posx>0</posx>
					<posy>0</posy>
					<width>48</width>
					<height>48</height>
					<label>10517</label>
					<font>-</font>
					<texturefocus>OSDPlaylistFO.png</texturefocus>
					<texturenofocus>OSDPlaylistNF.png</texturenofocus>
					<onleft>705</onleft>
					<onright>500</onright>
					<onup>600</onup>
					<ondown>600</ondown>
					<onclick>ActivateWindow(MusicPlaylist)</onclick>
				</control>
				<control type="button" id="500">
					<posx>50</posx>
					<posy>0</posy>
					<width>48</width>
					<height>48</height>
					<label>12006</label>
					<font>-</font>
					<texturefocus>OSDVizFO.png</texturefocus>
					<texturenofocus>OSDVizNF.png</texturenofocus>
					<onleft>700</onleft>
					<onright>701</onright>
				</control>
				<control type="button" id="701">
					<posx>100</posx>
					<posy>0</posy>
					<width>48</width>
					<height>48</height>
					<label>$LOCALIZE[250] $LOCALIZE[21417]</label>
					<font>-</font>
					<texturefocus>OSDPresetSettingsFO.png</texturefocus>
					<texturenofocus>OSDPresetSettingsNF.png</texturenofocus>
					<onleft>500</onleft>
					<onright>702</onright>
					<onclick>ActivateWindow(121)</onclick>
				</control>
				<control type="button" id="702">
					<posx>150</posx>
					<posy>0</posy>
					<width>48</width>
					<height>48</height>
					<label>31048</label>
					<font>-</font>
					<texturefocus>OSDPreFO.png</texturefocus>
					<texturenofocus>OSDPreNF.png</texturenofocus>
					<onleft>701</onleft>
					<onright>703</onright>
					<onclick>ActivateWindow(122)</onclick>
				</control>
				<!-- LYRICS  -->
				<control type="button" id="703">
					<posx>200</posx>
					<posy>0</posy>
					<width>48</width>
					<height>48</height>
					<label>31128</label>
					<font>-</font>
					<texturefocus>OSDLyricsFO.png</texturefocus>
					<texturenofocus>OSDLyricsNF.png</texturenofocus>
					<onleft>702</onleft>
					<onright>804</onright>
					<onup>604</onup>
					<ondown>604</ondown>
					<onclick>Close</onclick>
					<onclick>XBMC.RunScript($INFO[Skin.String(LyricScript_Path)])</onclick>
					<enable>Skin.HasSetting(LyricScript_Enable) + !IsEmpty(Skin.String(LyricScript_Path))</enable>
					<animation effect="fade" start="100" end="50" time="100" condition="![Skin.HasSetting(LyricScript_Enable) + !IsEmpty(Skin.String(LyricScript_Path))]">Conditional</animation>
				</control>
				<!-- Custom button  -->
				<control type="image"> <!-- background image -->
					<posx>250</posx>
					<posy>0</posy>
					<width>48</width>
					<height>48</height>
					<aspectratio>keep</aspectratio>
					<texture>$INFO[Skin.String(CustomMusicImage_Path)]</texture>
					<visible>[Skin.HasSetting(CustomMusicScript_Enable) + !IsEmpty(Skin.String(CustomMusicScript_Path))]</visible>
					<animation effect="fade" start="100" end="70" time="50" condition="!Control.HasFocus(804)">Conditional</animation>
					<animation effect="fade" start="50" end="100" time="50" condition="Control.HasFocus(804)">Conditional</animation>
				</control>
				<control type="button" id="804">
					<posx>250</posx>
					<posy>0</posy>
					<width>48</width>
					<height>48</height>
					<label>$INFO[Skin.String(CustomMusicLabel)]</label>
					<font>-</font>
					<texturefocus>-</texturefocus>
					<texturenofocus>-</texturenofocus>
					<onleft>703</onleft>
					<onright>600</onright>
					<onup>604</onup>
					<ondown>604</ondown>
					<onclick>XBMC.RunScript($INFO[Skin.String(CustomMusicScript_Path)])</onclick>
					<enable>Skin.HasSetting(CustomMusicScript_Enable) + !IsEmpty(Skin.String(CustomMusicScript_Path))</enable>
					<animation effect="fade" start="100" end="50" time="100" condition="![Skin.HasSetting(CustomMusicScript_Enable) + !IsEmpty(Skin.String(CustomMusicScript_Path))]">Conditional</animation>
				</control>
			</control>
			<control type="image" id="11">
				<description>separator image</description>
				<posx>340</posx>
				<posy>60</posy>
				<width>670</width>
				<height>1</height>
				<align>left</align>
				<aligny>center</aligny>
				<colordiffuse>66FFFFFF</colordiffuse>
				<texture>separator2.png</texture>
			</control>
			<control type="label">
				<posx>440</posx>
				<posy>65</posy>
				<width>400</width>
				<height>25</height>
				<label>$INFO[System.CurrentControl]</label>
				<scroll>true</scroll>
				<align>center</align>
				<aligny>center</aligny>
				<font>cirrus_20</font>
				<textcolor>grey</textcolor>
				<shadowcolor>black</shadowcolor>
				<!-- <visible>Window.IsTopmost(MusicOSD)</visible> -->
			</control>
			<control type="label">
				<posx>1260</posx>
				<posy>65</posy>
				<width>460</width>
				<height>25</height>
				<label>$INFO[Player.Time] - $INFO[Player.Duration]</label>
				<scroll>true</scroll>
				<align>right</align>
				<aligny>center</aligny>
				<font>cirrus_20</font>
				<textcolor>grey</textcolor>
				<shadowcolor>black</shadowcolor>
			</control>
			<include>Clock</include>
			<include>WeatherOSD</include>
		</control>
		<control type="selectbutton" id="503">
			<posx>440</posx>
			<posy>100</posy>
			<width>400</width>
			<height>100</height>
			<font>font13caps</font>
			<description>Visualisation Select Button</description>
			<texturebg border="20">OverlayDialogBackground.png</texturebg>
			<onleft>503</onleft>
			<onright>503</onright>
			<onup>500</onup>
			<ondown>500</ondown>
			<include>VisibleFadeEffect</include>
		</control>
	</controls>
</window>