<window id="2006">
	<defaultcontrol>-</defaultcontrol>
	<allowoverlay>no</allowoverlay>
	<controls>
		<control type="visualisation" id="2">
			<description>visualisation</description>
			<posx>0</posx>
			<posy>0</posy>
			<width>1280</width>
			<height>720</height>
		</control>
		<control type="group">
			<visible>Player.ShowInfo + ![Window.IsVisible(VisualisationSettings) | Window.IsVisible(VisualisationPresetList)]</visible>
			<animation effect="fade" start="0" end="100" time="300" tween="quadratic" easing="out">WindowOpen</animation>
			<animation effect="fade" start="100" end="0" time="300" delay="150" tween="quadratic" easing="out">WindowClose</animation>
			<animation effect="fade" start="0" end="100" time="300" tween="quadratic" easing="out">visible</animation>
			<animation effect="fade" start="100" end="0" time="300" delay="150" tween="quadratic" easing="out">hidden</animation>
			<control type="image"> <!-- background -->
				<posx>0</posx>
				<posy>170r</posy>
				<width>1280</width>
				<height>170</height>
				<aspectratio>stretch</aspectratio>
 				<texture>OSDbackground.png</texture> <!-- flip y when up the top -->
			</control>
			<!-- ==================== CD ART ================== -->
			<control type="group">
				<visible>Skin.HasSetting(cdart)</visible>
				<posx>170</posx>
				<posy>410</posy>
				<!-- CD Animation -->
				<control type="image">
					<description>Cd Disc</description>
					<animation effect="slide" start="-118" end="0" time="900" tween="cubic" easing="out" delay="1000">WindowOpen</animation>
					<animation type="WindowClose">
						<effect type="slide" start="0" end="-114" time="800" tween="cubic" easing="in" delay="0"/>
						<effect type="fade" start="100" end="0" time="1300"/>
						<condition type="!Player.Playing"/>
					</animation>
					<animation effect="rotate" end="-360" center="auto" time="1500" loop="true" reversible="false" condition="!Player.Paused">Conditional</animation>
					<width>275</width>
					<height>250</height>
					<posx>0</posx>
					<posy>0</posy>
					<texture fallback="cdartdefault.png">$INFO[Player.FolderPath]cdart.png</texture>
					<aspectratio align="bottom">keep</aspectratio>
				</control>
				<!-- CD Shine -->
				<control type="image">
					<description>CD Shine</description>
					<animation effect="slide" start="-118" end="0" time="900" tween="cubic" easing="out" delay="1000">WindowOpen</animation>
					<animation type="WindowClose">
						<effect type="slide" start="0" end="-114" time="800" tween="cubic" easing="in" delay="0"/>
						<effect type="fade" start="100" end="0" time="1300"/>
						<condition type="!Player.Playing"/>
					</animation>
					<animation effect="rotate" end="-180" center="auto" time="1000" loop="true" reversible="true" condition="!Player.Paused">Conditional</animation>
					<posx>0</posx>
					<posy>0</posy>
					<width>275</width>
					<height>250</height>
					<texture>cdartglare.png</texture>
					<aspectratio align="bottom">keep</aspectratio>
				</control>
			</control>
			<!-- =========== END CDART ============= -->
			<control type="group"><!-- cover image -->
				<posx>30</posx>
				<posy>395r</posy>
				<control type="image">
					<posx>0</posx>
					<posy>60</posy>
					<width>300</width>
					<height>300</height>
					<aspectratio aligny="bottom">keep</aspectratio>
					<fadetime>IconCrossfadeTime</fadetime>
					<texture background="true" diffuse="masksquare.png">$INFO[MusicPlayer.cover]</texture>
				</control>
				<control type="image">
					<posx>0</posx>
					<posy>60</posy>
					<width>300</width>
					<height>300</height>
					<aspectratio aligny="top">stretch</aspectratio>
					<fadetime>IconCrossfadeTime</fadetime>
					<texture background="true" diffuse="masksquare.png">GlassOverlay2.png</texture>
				</control>
				<control type="image">
					<posx>0</posx>
					<posy>60</posy>
					<width>300</width>
					<height>300</height>
					<aspectratio aligny="bottom">keep</aspectratio>
					<fadetime>IconCrossfadeTime</fadetime>
					<texture>border-square.png</texture>
				</control>
			</control>
			
			
			<control type="progress">
				<description>Progressbar</description>
				<posx>25</posx>
				<posy>25r</posy>
				<width>1235</width>
				<height>14</height>
				<info>Player.Progress</info>
			</control>
			<control type="group">
				<posx>370</posx>
				<posy>155r</posy>
				<control type="grouplist">
					<description>Media Codec Flagging Images</description>
					<posx>340</posx>
					<posy>-5</posy>
					<width>550</width>
					<align>right</align>
					<itemgap>10</itemgap>
					<orientation>horizontal</orientation>
					<control type="image">
						<description>Rating image</description>
						<width>120</width>
						<height>40</height>
						<aspectratio align="right">keep</aspectratio>
						<texture>$INFO[Player.StarRating]</texture>
					</control>
					<control type="image">
						<description>Codec Image</description>
						<width>80</width>
						<height>40</height>
						<aspectratio>keep</aspectratio>
						<texture>$INFO[MusicPlayer.Codec,flagging/audio/,.png]</texture>
					</control>
					<control type="image">
						<description>Channels Image</description>
						<width>40</width>
						<height>40</height>
						<aspectratio>keep</aspectratio>
						<texture>$INFO[MusicPlayer.Channels,flagging/audio/,.png]</texture>
					</control>
				</control>
				<control type="label">
					<description>Now Playing Label</description>
					<posx>0</posx>
					<posy>0</posy>
					<width>500</width>
					<height>25</height>
					<align>left</align>
					<aligny>center</aligny>
					<font>cirrus_20</font>
					<textcolor>orange</textcolor>
					<shadowcolor>black</shadowcolor>
					<label>31040</label>
				</control>
				<control type="label">
					<posx>0</posx>
					<posy>28</posy>
					<width>580</width>
					<height>30</height>
					<label>$INFO[MusicPlayer.Artist]$INFO[MusicPlayer.Album, - ]</label>
					<align>left</align>
					<aligny>center</aligny>
					<font>cirrus_24</font>
					<textcolor>grey</textcolor>
					<shadowcolor>black</shadowcolor>
				</control>
				<control type="label">
					<posx>0</posx>
					<posy>61</posy>
					<width>580</width>
					<height>30</height>
					<label>$INFO[MusicPlayer.Title]</label>
					<scroll>true</scroll>
					<align>left</align>
					<aligny>center</aligny>
					<scroll>true</scroll>
					<font>cirrus_30</font>
					<textcolor>white</textcolor>
					<shadowcolor>black</shadowcolor>
				</control>
				<control type="label">
					<posx>0</posx>
					<posy>100</posy>
					<width>300</width>
					<height>20</height>
					<label>$INFO[musicplayer.Playlistposition,[COLOR=orange]$LOCALIZE[554]:[/COLOR] ]$INFO[musicplayer.Playlistlength, / ]</label>
					<align>left</align>
					<aligny>center</aligny>
					<font>cirrus_20</font>
					<textcolor>white</textcolor>
					<shadowcolor>black</shadowcolor>
				</control>
				<control type="label">
					<posx>890</posx>
					<posy>-5</posy>
					<width>350</width>
					<height>100</height>
					<label>$INFO[musicplayer.Codec,Info: ,]$INFO[musicplayer.Bitrate,: ,kbps]$INFO[musicplayer.bitspersample,:,bit]$INFO[musicplayer.Samplerate,: ,kHz]$INFO[musicplayer.Channels,: ,ch]</label>
<!--				<label>$INFO[musicplayer.Codec,· Codec: ,]$INFO[musicplayer.Bitrate,[CR]· Bitrate: ,kbps]$INFO[musicplayer.bitspersample,[CR]· Bits:,bit]$INFO[musicplayer.Samplerate,[CR]· Freq.: ,kHz]$INFO[musicplayer.Channels,[CR]· Channels: ]</label> -->
					<align>right</align>
					<aligny>center</aligny>
					<font>cirrus_16</font>
					<textcolor>grey</textcolor>
					<shadowcolor>black</shadowcolor>
				</control>
				<control type="label">
					<posx>890</posx>
					<posy>65</posy>
					<width>370</width>
					<height>25</height>
					<label>$INFO[Player.Time]$INFO[Player.Duration, / ]</label>
					<align>right</align>
					<aligny>center</aligny>
					<font>cirrus_30</font>
					<textcolor>grey</textcolor>
					<shadowcolor>black</shadowcolor>
				</control>
				<control type="label">
					<posx>890</posx>
					<posy>100</posy>
					<width>490</width>
					<height>20</height>
					<label>[COLOR=orange]$LOCALIZE[209] :[/COLOR] $INFO[MusicPlayer.offset(1).Artist,, - ]$INFO[MusicPlayer.offset(1).Title]</label>
					<align>right</align>
					<aligny>center</aligny>
					<scroll>true</scroll>
					<font>cirrus_20</font>
					<textcolor>white</textcolor>
					<shadowcolor>black</shadowcolor>
				</control>
			</control>
		</control>
		<control type="group">
			<visible>Player.ShowInfo</visible>
			<animation effect="slide" start="0,0" end="160,0" delay="0" time="300" condition="!Window.IsVisible(MusicOSD)">hidden</animation>
			<animation effect="slide" start="160,0" end="0,0" delay="0" time="300" condition="!Window.IsVisible(MusicOSD)">visible</animation>
			<include>Clock</include>
		</control>
		<control type="group" id="0">
			<posx>240</posx>
			<posy>100</posy>
			<include>VisibleFadeEffect</include>
			<visible>Player.ShowCodec + ![Window.IsVisible(121) | Window.IsVisible(122)]</visible>
			<control type="image">
				<description>gradient</description>
				<posx>0</posx>
				<posy>0</posy>
				<width>800</width>
				<height>200</height>
				<colordiffuse>CCFFFFFF</colordiffuse>
				<texture border="20">OverlayDialogBackground.png</texture>
			</control>
			<control type="label">
				<posx>30</posx>
				<posy>20</posy>
				<width>360</width>
				<height>25</height>
				<label>$LOCALIZE[31046]</label>
				<align>left</align>
				<aligny>center</aligny>
				<font>font13_title</font>
				<textcolor>white</textcolor>
				<shadowcolor>black</shadowcolor>
			</control>
			<control type="label">
				<posx>30</posx>
				<posy>50</posy>
				<width>360</width>
				<height>100</height>
				<label>$INFO[musicplayer.Codec,· Codec: ,]$INFO[musicplayer.Bitrate,[CR]· Bitrate: ,kbps]$INFO[musicplayer.bitspersample,[CR]· Bits:,bit]$INFO[musicplayer.Samplerate,[CR]· Freq.: ,kHz]$INFO[musicplayer.Channels,[CR]· Channels: ]</label>
				<align>left</align>
				<aligny>top</aligny>
				<font>font13</font>
				<textcolor>white</textcolor>
				<shadowcolor>black</shadowcolor>
			</control>
			<control type="label">
				<posx>760</posx>
				<posy>20</posy>
				<width>360</width>
				<height>25</height>
				<label>$LOCALIZE[250]</label>
				<align>right</align>
				<aligny>center</aligny>
				<font>font13_title</font>
				<textcolor>white</textcolor>
				<shadowcolor>black</shadowcolor>
			</control>
			<control type="label">
				<posx>760</posx>
				<posy>50</posy>
				<width>right</width>
				<height>25</height>
				<label>$INFO[Visualisation.Name] [I]($LOCALIZE[20166])[/I] ·[CR]fps: $INFO[System.FPS] ·</label>
				<align>right</align>
				<aligny>top</aligny>
				<font>font13</font>
				<textcolor>white</textcolor>
				<shadowcolor>black</shadowcolor>
				<visible>Visualisation.Locked</visible>
			</control>
			<control type="label">
				<posx>760</posx>
				<posy>50</posy>
				<width>360</width>
				<height>25</height>
				<label>$INFO[Visualisation.Name] ·[CR]fps: $INFO[System.FPS] ·</label>
				<align>right</align>
				<aligny>top</aligny>
				<font>font13</font>
				<textcolor>white</textcolor>
				<shadowcolor>black</shadowcolor>
				<visible>!Visualisation.Locked</visible>
			</control>
			<control type="label">
				<posx>760</posx>
				<posy>105</posy>
				<width>360</width>
				<height>25</height>
				<label>$LOCALIZE[31047]</label>
				<align>right</align>
				<aligny>center</aligny>
				<font>font13_title</font>
				<textcolor>white</textcolor>
				<shadowcolor>black</shadowcolor>
			</control>
			<control type="label">
				<posx>760</posx>
				<posy>135</posy>
				<width>360</width>
				<height>25</height>
				<label fallback="· (UnAvailable)">$INFO[Visualisation.Preset,, ·]</label>
				<align>right</align>
				<aligny>top</aligny>
				<font>font12</font>
				<textcolor>white</textcolor>
				<shadowcolor>black</shadowcolor>
				<wrapmultiline>true</wrapmultiline>
			</control>
		</control>
	</controls>
</window>