<window id="25">
  <defaultcontrol always="true">9999</defaultcontrol>
  <allowoverlay>no</allowoverlay>
  <views>50,508,511,569,513,514,519</views>
  <controls>
  
	<control type="button" id="9999">
			<description>TvTunes Script</description>
			<include condition="Skin.HasSetting(TvTunes)">TvTunes</include>
			<include condition="!Skin.HasSetting(TvTunes)">NoTvTunes</include>
			<texturenofocus>-</texturenofocus>
			<texturefocus>-</texturefocus>
	</control>
	<include>CommonVideoBackground</include>
	
	<control type="group">
		<include>Window_OpenClose_Animation</include>    
		<control type="image">
			<posx>0</posx>
			<posy>0</posy>
			<width>1280</width>
			<height>720</height>
			<texture background="true">$INFO[ListItem.Property(Fanart_Image)]</texture>
			<include>backgroundfade</include>
			<include>global_kenburns_fanart</include>
			<fadetime>FanartCrossfadeTime</fadetime>
			<visible>!Skin.HasSetting(VideoLibraryMovieFanart) | Control.IsVisible(508) | Control.IsVisible(590) | Control.IsVisible(591)| Control.IsVisible(592) | Control.IsVisible(593) | Control.IsVisible(594) | Control.IsVisible(595)</visible>
			<visible>Container.Content(Movies) | Window.IsVisible(VideoLibrary)</visible>
		</control>
		<!-- ExtraFanart Mod -->
		<control type="image">
			<posx>0</posx>
			<posy>0</posy>
			<width>1280</width>
			<height>720</height>
			<texture background="true">$INFO[ListItem.Property(Fanart_Image)]</texture>
			<include>backgroundfade</include>
			<fadetime>FanartCrossfadeTime</fadetime>
			<include>global_kenburns_fanart</include>
			<visible>!Skin.HasSetting(VideoLibraryTVFanart)</visible>
			<visible>Container.Content(TVShows) | [Container.Content(Episodes) + substring(Container.FolderPath,videodb://5/)]</visible>
		</control>
		<control type="image">
			<posx>0</posx>
			<posy>0</posy>
			<width>1280</width>
			<height>720</height>
			<info>Fanart.Image</info>
			<texture background="true">$INFO[Fanart.Image]</texture>
			<include>backgroundfade</include>
			<fadetime>FanartCrossfadeTime</fadetime>
			<include>global_kenburns_fanart</include>
			<visible>!Skin.HasSetting(VideoLibraryTVFanart)</visible>
			<visible>Container.Content(Seasons) | [Container.Content(Episodes) + !substring(Container.FolderPath,videodb://5/)]</visible>
		</control>
		<control type="image">
			<posx>0</posx>
			<posy>0</posy>
			<width>1280</width>
			<height>720</height>
			<texture background="true">$INFO[ListItem.Property(Fanart_Image)]</texture>
			<include>backgroundfade</include>
			<fadetime>FanartCrossfadeTime</fadetime>
			<include>global_kenburns_fanart</include>
			<visible>!Skin.HasSetting(VideoLibraryMusicVideoFanart)</visible>
			<visible>Container.Content(MusicVideos) | Container.Content(Artists) | Container.Content(Albums)</visible>
		</control>
		<!-- GenreFanart Mod -->
		<control type="image">
		    <posx>0</posx>
			<posy>0</posy>
			<width>1280</width>
			<height>720</height>
			<fadetime>400</fadetime>
			<include>global_kenburns_fanart</include>
			<texture background="true" fallback="backgrounds/movies.jpg">special://skin/extras/moviegenrefanart/$INFO[ListItem.Label].jpg</texture>
			<visible>Container.Content(genres)</visible>
		</control>
		<!-- StudiosFanart Mod -->
		<control type="image">
		    <posx>0</posx>
			<posy>0</posy>
			<width>1280</width>
			<height>720</height>
			<fadetime>400</fadetime>
			<include>global_kenburns_fanart</include>
			<texture background="true" fallback="backgrounds/movies.jpg">special://skin/extras/moviestudiofanart/$INFO[ListItem.Label].jpg</texture>
			<visible>Container.Content(studios)</visible>
		</control>
    </control>
	
	
   <include>CommonMediaPlayingBackground</include>
    <control type="group">
      <include>Window_OpenClose_Animation</include>    
      <control type="group">
        <include>VisibleFadeEffect</include>
        <visible>Control.IsVisible(50)</visible>
        <control type="image">
          <posx>0</posx>
          <posy>120</posy>
          <width>1280</width>
          <height>480</height>
          <texture border="20">videoinfoback.png</texture>
        </control>
      </control>
    </control>
    <control type="group">
      <include>Window_OpenClose_Animation</include>    
      <include>CommonRootView</include> <!-- view id = 50 -->
      <include>Fanart</include> <!-- view id = 508 -->
      <include>MusicVideoInfoListView</include> <!-- view id = 511 -->
      <include>RightListView</include> <!-- view id = 569 -->
	  <include>WallView</include> <!-- view id = 513 -->
	  <include>HalfWallView</include> <!-- view id = 514 -->
	  <include>BannerWallView</include><!-- view id = 519 -->
	</control>
    <include>CommonPageCount</include>
    <include>BehindDialogFadeOut</include>
    <include>ScrollOffsetLabel</include>
    <control type="group">
      <animation effect="slide" start="0,0" end="250,0" time="400" tween="quadratic" easing="out" condition="ControlGroup(9000).HasFocus | ControlGroup(9001).HasFocus | Control.HasFocus(8999)">Conditional</animation>
      <animation effect="slide" start="0,0" end="-250,0" time="400" tween="quadratic" easing="out" condition="ControlGroup(9000).HasFocus | ControlGroup(9001).HasFocus">WindowClose</animation>
      <control type="group">
        <animation effect="slide" end="-228,0" time="300" tween="quadratic" easing="out">WindowClose</animation>
        <control type="image">
          <posx>0</posx>
          <posy>0</posy>
          <width>1</width>
          <height>720</height>
           <texture>blackgradient.png</texture>
          <animation effect="zoom" start="0,0,1,720" end="0,0,229,720" time="300" tween="quadratic" easing="out" condition="Control.HasFocus(98) | ControlGroup(9001).HasFocus">Conditional</animation>
        </control>
    <!-- below is edge of flyout menu -->
        <control type="image">
          <posx>1</posx>
          <posy>0</posy>
          <width>12</width>
          <height>720</height>
          <texture>blackgradient.png</texture> 
          <animation effect="slide" end="228,0" time="300" tween="quadratic" easing="out" condition="Control.HasFocus(98) | ControlGroup(9001).HasFocus">Conditional</animation>
        </control>
      </control>
      <control type="button" id="8999">
        <description>Fake button for mouse control</description>
        <posx>-250</posx>
        <posy>0</posy>
        <width>265</width>
        <height>720</height>
        <label>-</label>
        <font>-</font>
        <texturenofocus>-</texturenofocus>
        <texturefocus>-</texturefocus>
        <visible>true</visible>
      </control>
		<!-- ======================================== -->
		<!--   BELOW IS THE SUBMENU BACKGROUND !!     -->
		<!-- ======================================== -->
		<control type="image">
			<posx>-820</posx>
			<posy>0</posy>
			<width>820</width>
			<height>720</height>
			<texture>submenuback.png</texture>
		</control>
		<control type="image">
			<description>VIEW OPTIONS TEXT</description>
			<posx>-230</posx>
			<posy>130</posy>
			<width>220</width>
			<height>80</height>
			<aspectratio>keep</aspectratio>
			<texture>viewoptions.png</texture>
		</control>
		<!-- MENU ITEMS BELOW -->
      <control type="group" id="9000">
        <posx>-250</posx>
        <posy>210</posy>
        <!-- <include>CommonNowPlaying</include> -->
        <control type="button" id="2">
          <description>View As button</description>
          <posx>0</posx>
          <posy>0</posy>
          <include>ButtonCommonValues</include>
          <label>-</label>
          <onleft>50</onleft>
          <onright>50</onright>
          <onup>8</onup>
          <ondown>3</ondown>
        </control>
        <control type="button" id="3">
          <description>Sort by button</description>
          <posx>0</posx>
          <posy>40</posy>
          <include>ButtonCommonValues</include>
          <label>103</label>
          <onleft>50</onleft>
          <onright>4</onright>
          <onup>2</onup>
          <ondown>99</ondown>
        </control>
        <control type="togglebutton" id="4">
          <description>Sort asc</description>
          <posx>220</posx>
          <posy>53</posy>
          <label>-</label>
          <onleft>3</onleft>
          <onright>50</onright>
          <onup>2</onup>
          <ondown>99</ondown>
        </control>
        <control type="radiobutton" id="99">
          <description>Library button</description>
          <posx>0</posx>
          <posy>80</posy>
          <label>$LOCALIZE[29800]</label>
          <onclick>ReplaceWindow(VideoFiles)</onclick>
          <selected>Window.IsVisible(VideoLibrary)</selected>
          <include>ButtonCommonValues</include>
          <onleft>50</onleft>
          <onright>50</onright>
          <onup>3</onup>
          <ondown>16</ondown>
        </control>
        <control type="radiobutton" id="16">
          <description>PartyMode</description>
          <posx>0</posx>
          <posy>120</posy>
          <label>589</label>
          <include>ButtonCommonValues</include>
          <onleft>50</onleft>
          <onright>50</onright>
          <onup>99</onup>
          <ondown>14</ondown>
        </control>
		<!-- USED TO BE SUBMENU -->
        <control type="grouplist" id="9010">
          <posx>0</posx>
          <posy>160</posy>
          <width>250</width>
          <height>550</height>
          <onleft>50</onleft>
          <onright>50</onright>
          <onup>16</onup>
          <ondown>2</ondown>
          <itemgap>0</itemgap>
          <control type="radiobutton" id="14">
            <description>HIDE Watched Toggle</description>
            <include>ButtonCommonValues</include>
            <label>20367</label>
          </control>
          <control type="radiobutton" id="19">
            <description>Filter</description>
            <include>ButtonCommonValues</include>
            <label>587</label>
          </control>
          <control type="radiobutton" id="17">
            <description>Flatten</description>
            <include>ButtonCommonValues</include>
            <label>20411</label>
          </control>
          <control type="radiobutton" id="11">
            <description>Unlock Shares</description>
            <include>ButtonCommonValues</include>
            <label>20336</label>
            <onclick>xbmc.mastermode</onclick>
            <selected>system.ismaster</selected>
            <visible>system.haslocks</visible>
          </control>
          <control type="radiobutton" id="201">
            <description>Toggle MoviesFanart</description>
            <include>ButtonCommonValues</include>
            <label>31307</label>
            <onclick>Skin.ToggleSetting(VideoLibraryMovieFanart)</onclick>
            <selected>Skin.HasSetting(VideoLibraryMovieFanart)</selected>
            <visible>Container.Content(Movies) + !Control.IsVisible(508)</visible>
          </control>
          <control type="radiobutton" id="202">
            <description>Toggle TVShow Fanart</description>
            <include>ButtonCommonValues</include>
            <label>31307</label>
            <onclick>Skin.ToggleSetting(VideoLibraryTVFanart)</onclick>
            <selected>Skin.HasSetting(VideoLibraryTVFanart)</selected>
            <visible>Container.Content(TVShows) | Container.Content(Seasons) | Container.Content(Episodes)</visible>
          </control>
          <control type="radiobutton" id="203">
            <description>Toggle MusicVideo Fanart</description>
            <include>ButtonCommonValues</include>
            <label>31307</label>
            <onclick>Skin.ToggleSetting(VideoLibraryMusicVideoFanart)</onclick>
            <selected>Skin.HasSetting(VideoLibraryMusicVideoFanart)</selected>
            <visible>Container.Content(MusicVideos) | Container.Content(Artists) | Container.Content(Albums)</visible>
          </control>
          <control type="radiobutton" id="204">
            <description>Toggle Fanart</description>
            <include>ButtonCommonValues</include>
            <label>31318</label>
            <onclick>Skin.ToggleSetting(VideoLibraryFanartView504)</onclick>
            <selected>!Skin.HasSetting(VideoLibraryFanartView504)</selected>
            <visible>[Control.IsVisible(504) + [Container.Content(Movies) | Container.Content(TVShows)]]</visible>
          </control>
          <control type="radiobutton" id="205">
            <description>Toggle Fanart View Media Info</description>
            <include>ButtonCommonValues</include>
            <label>31005</label>
            <onclick>Skin.ToggleSetting(View508HideInfo)</onclick>
            <selected>Skin.HasSetting(View508HideInfo)</selected>
            <visible>Control.IsVisible(508)</visible>
          </control>
		  <!-- <control type="radiobutton" id="2051">
			<description>Toggle Rightlist Slim View</description>
			<include>ButtonCommonValues</include>
			<label>Slim Right List</label>
			<onclick>Skin.ToggleSetting(slimRightList)</onclick>
			<selected>Skin.HasSetting(slimRightList)</selected>
			<visible>Control.IsVisible(569)</visible>
		  </control> -->
		  <control type="radiobutton" id="2057">
					<description>Toggle Rightlist posters</description>
					<include>ButtonCommonValues</include>
					<label>Remove posters</label>
					<onclick>Skin.ToggleSetting(posterlessRightList)</onclick>
					<selected>Skin.HasSetting(posterlessRightList)</selected>
					<visible>Control.IsVisible(569)</visible>
		  </control>
		  <control type="radiobutton" id="2052">
			<description>Toggle Cases</description>
			<include>ButtonCommonValues</include>
			<label>Show Cases</label>
			<onclick>Skin.ToggleSetting(showCases)</onclick>
			<selected>Skin.HasSetting(showCases)</selected>
			<visible>Control.IsVisible(569)</visible>
		  </control>
		  <control type="radiobutton" id="2053">
			<description>Clear Cases</description>
			<include>ButtonCommonValues</include>
			<label>Clear Cases</label>
			<onclick>Skin.ToggleSetting(showClearCases)</onclick>
			<selected>Skin.HasSetting(showClearCases)</selected>
			<visible>Control.IsVisible(569) + Skin.HasSetting(showCases)</visible>
		  </control>
		  <control type="button" id="8">
            <description>Search</description>
            <include>ButtonCommonValues</include>
            <label>137</label>
          </control>
        </control>
      </control>
    </control>
<!-- LABELS FOR BREADCRUMB TRAIL -->
    <control type="group">
      <posx>20</posx>
      <posy>50</posy>
      <visible>Container.Content(MusicVideos)</visible>
      <include>VisibleFadeEffect</include>
      <animation effect="slide" end="-510,0" time="400" tween="quadratic" easing="out">WindowClose</animation>
      <animation effect="slide" start="-510,0" time="400" tween="quadratic" easing="out">WindowOpen</animation>
      <control type="label">
        <include>WindowTitleCommons</include>
        <posx>0</posx>
        <label>$LOCALIZE[20389]</label>
      </control>
    </control>
    <control type="group">
      <posx>20</posx>
      <posy>50</posy>
      <visible>Container.Content(TVShows) | Container.Content(Seasons) | Container.Content(Episodes)</visible>
      <include>VisibleFadeEffect</include>
      <animation effect="slide" end="-510,0" time="400" tween="quadratic" easing="out">WindowClose</animation>
      <animation effect="slide" start="-510,0" time="400" tween="quadratic" easing="out">WindowOpen</animation>
      <control type="label">
        <include>WindowTitleCommons</include>
        <posx>0</posx>
        <label>$LOCALIZE[20343]</label>
      </control>
    </control>
    <control type="group">
      <posx>20</posx>
      <posy>100</posy>
      <visible>Container.Content(Seasons) | Container.Content(Episodes)</visible>
      <include>VisibleFadeEffect</include>
      <animation effect="slide" end="-600,0" time="400" tween="quadratic" easing="out">WindowClose</animation>
      <animation effect="slide" start="-600,0" time="400" tween="quadratic" easing="out">WindowOpen</animation>
      <control type="label">
        <width>850</width>
        <include>WindowTVShowTitleCommons</include>
        <posx>0</posx>
        <label>$INFO[ListItem.TVShowTitle]</label>
      </control>
    </control>
    <control type="group">
      <posx>20</posx>
      <posy>50</posy>
      <visible>Container.Content(Movies)</visible>
      <include>VisibleFadeEffect</include>
      <animation effect="slide" end="-510,0" time="400" tween="quadratic" easing="out">WindowClose</animation>
      <animation effect="slide" start="-510,0" time="400" tween="quadratic" easing="out">WindowOpen</animation>
      <control type="label">
        <include>WindowTitleCommons</include>
        <posx>0</posx>
        <label>$LOCALIZE[20342]</label>
      </control>
    </control>
<!--
    <control type="group">
      <posx>80</posx>
      <posy>55r</posy>
      <animation effect="slide" end="-310,0" time="400" tween="quadratic" easing="out">WindowClose</animation>
      <animation effect="slide" start="-310,0" time="400" tween="quadratic" easing="out">WindowOpen</animation>
      <control type="label">
        <include>WindowTitleCommons</include>
        <posx>0</posx>
        <label>$LOCALIZE[20314]:  </label>
      </control>
    </control> -->
    <include>Clock</include>
  </controls>
</window>
