<window id="2600">
	<defaultcontrol always="true">6000</defaultcontrol>
	<allowoverlay>no</allowoverlay>
	<controls>
		<include>CommonWeatherBackground</include> 
		<include>CommonMediaPlayingBackground</include> 
		<control type="multiimage">
			<posx>0</posx>
			<posy>0</posy>
			<width>1280</width>
			<height>720</height>
			<imagepath fallback="special://skin/backgrounds/weatherplus.jpg">$INFO[Skin.String(Home_Custom_Back_Weather_Folder)]</imagepath>
			<aspectratio>scale</aspectratio>
			<timeperimage>5000</timeperimage>
			<randomize>true</randomize>
			<fadetime>2000</fadetime>
			<visible>!Skin.HasSetting(Weather_Conditional_Backgrounds)</visible>
			<visible>StringCompare(Weather.Plugin,weather.weatherplus)</visible>
			<visible>!Skin.HasSetting(ShowWeatherFanart)</visible>
		</control>
		<control type="multiimage">
			<posx>0</posx>
			<posy>0</posy>
			<width>1280</width>
			<height>720</height>
			<imagepath fallback="special://skin/backgrounds/weather.jpg">$INFO[Skin.String(Home_Custom_Back_Weather_Folder)]</imagepath>
			<aspectratio>scale</aspectratio>
			<timeperimage>5000</timeperimage>
			<randomize>true</randomize>
			<fadetime>2000</fadetime>
			<visible>!Skin.HasSetting(Weather_Conditional_Backgrounds)</visible>
			<visible>!StringCompare(Weather.Plugin,weather.weatherplus)</visible>
			<visible>!Skin.HasSetting(ShowWeatherFanart)</visible>
		</control>
		<control type="group">
			<include>ContentFade</include>
			<include condition="!StringCompare(Weather.Plugin,weather.weatherplus)">weather</include>
			<include condition="StringCompare(Weather.Plugin,weather.weatherplus)">weatherplus</include>
		</control>
		<control type="group">
			<animation effect="slide" start="0,0" end="250,0" time="400" tween="quadratic" easing="out" condition="ControlGroup(9000).HasFocus | ControlGroup(9001).HasFocus | Control.HasFocus(8999)">Conditional</animation>
			<animation effect="slide" start="0,0" end="-250,0" time="400" tween="quadratic" easing="out" condition="ControlGroup(9000).HasFocus | ControlGroup(9001).HasFocus">WindowClose</animation>
			<control type="group">
				<animation effect="slide" end="-240,0" time="300" tween="quadratic" easing="out">WindowClose</animation>
				<animation effect="slide" start="-15,0" end="0,0" time="300" tween="quadratic" easing="out">WindowOpen</animation>
				<control type="image">
					<posx>-820</posx>
					<posy>0</posy>
					<width>820</width>
					<height>720</height>
					<texture>submenuback.png</texture>
				</control>
			</control>
			<control type="group" id="9001">
				<posx>-220</posx>
				<posy>0</posy>
				<animation effect="fade" start="100" end="0" time="0" condition="!ControlGroup(9001).HasFocus + !Control.HasFocus(98)">conditional</animation>
				<animation effect="fade" start="0" end="100" delay="300" time="200" condition="Control.HasFocus(98) | ControlGroup(9001).HasFocus">conditional</animation>
				<animation effect="fade" start="100" end="0" time="0" condition="Control.HasFocus(98) | ControlGroup(9001).HasFocus">WindowClose</animation>
				<animation effect="slide" end="230,0" time="300" tween="quadratic" easing="out" condition="Control.HasFocus(98) | ControlGroup(9001).HasFocus">conditional</animation>
				<control type="button">
				  <description>Fake button for mouse control</description>
				  <posx>-15</posx>
				  <posy>0</posy>
				  <width>245</width>
				  <height>720</height>
				  <label>-</label>
				  <font>-</font>
				  <texturenofocus>-</texturenofocus>
				  <texturefocus>-</texturefocus>
				  <visible>true</visible>
				</control>
				<control type="image">
					<posx>-820</posx>
					<posy>0</posy>
					<width>820</width>
					<height>720</height>
					<texture>submenuback.png</texture>
				</control>
			</control>
			<control type="group" id="9000">
				<posx>-260</posx>
				<posy>130</posy>
				<control type="image">
					<posx>-820</posx>
					<posy>0</posy>
					<width>820</width>
					<height>720</height>
					<texture>submenuback.png</texture>
			    </control>
				<control type="spincontrolex" id="3">
				  <description>change location button</description>
				  <posx>0</posx>
				  <posy>0</posy>
				  <font>-</font>
				  <textoffsetx>10</textoffsetx>
				  <include>ButtonCommonValues</include>
				  <onleft>50</onleft>
				  <onright>50</onright>
				  <onup>201</onup>
				  <ondown>101</ondown>
				</control>
				<control type="label">
				  <description>change location label</description>
				  <posx>15</posx>
				  <posy>0</posy>
				  <height>40</height>
				  <width>270</width>
				  <font>cirrus_24</font>
				  <label>31027</label>
				  <textcolor>white</textcolor>
				  <shadowcolor>black</shadowcolor>
				  <align>left</align>
				  <aligny>center</aligny>
				</control>
				
				<control type="button" id="101">
					<description>Current button</description>
					<posx>5</posx>
					<posy>45</posy>
					<include>ButtonCommonValues</include>
					<label>33006</label>
					<onleft>6000</onleft>
					<onright>6000</onright>
					<onup>3</onup>
					<ondown>102</ondown>
					<onfocus>Skin.SetString(WeatherPlus,1)</onfocus>
					<visible>StringCompare(Weather.Plugin,weather.weatherplus)</visible>
				</control>
				<control type="button" id="102">
					<description>Hourly button</description>
					<posx>5</posx>
					<posy>90</posy>
					<include>ButtonCommonValues</include>
					<label>33036</label>
					<onleft>6000</onleft>
					<onright>6000</onright>
					<onup>101</onup>
					<ondown>103</ondown>
					<onfocus>Skin.SetString(WeatherPlus,2)</onfocus>
					<visible>StringCompare(Weather.Plugin,weather.weatherplus)</visible>
				</control>
				<control type="button" id="103">
					<description>Weekend button</description>
					<posx>5</posx>
					<posy>135</posy>
					<include>ButtonCommonValues</include>
					<label>Weekend</label>
					<onleft>6000</onleft>
					<onright>6000</onright>
					<onup>102</onup>
					<ondown>104</ondown>
					<onfocus>Skin.SetString(WeatherPlus,4)</onfocus>
					<visible>StringCompare(Weather.Plugin,weather.weatherplus)</visible>
				</control>
				<control type="button" id="104">
					<description>10 day button</description>
					<posx>5</posx>
					<posy>180</posy>
					<include>ButtonCommonValues</include>
					<label>10-Day</label>
					<onleft>6000</onleft>
					<onright>6000</onright>
					<onup>103</onup>
					<ondown>2</ondown>
					<onfocus>Skin.SetString(WeatherPlus,3)</onfocus>
					<visible>StringCompare(Weather.Plugin,weather.weatherplus)</visible>
				</control>
				<control type="button" id="2">
					<description>Refresh button</description>
					<posx>5</posx>
					<posy>225</posy>
					<include>ButtonCommonValues</include>
					<label>103</label>
					<onleft>6000</onleft>
					<onright>6000</onright>
					<onup>103</onup>
					<ondown>610</ondown>
					<animation effect="slide" start="0,0" end="0,-135" time="0" condition="!StringCompare(Weather.Plugin,weather.weatherplus)">Conditional</animation>
				</control>
				<control type="button" id="610">
					<description>PlayerControls</description>
					<posx>5</posx>
					<posy>270</posy>
					<include>ButtonCommonValues</include>
					<label>16003</label>
					<onleft>6000</onleft>
					<onright>6000</onright>
					<onup>2</onup>
					<ondown>5</ondown>
					<onclick>ActivateWindow(playercontrols)</onclick>
					<animation effect="slide" start="0,0" end="0,-135" time="0" condition="!StringCompare(Weather.Plugin,weather.weatherplus)">Conditional</animation>
					<visible>Player.HasAudio | Player.HasVideo</visible>
				</control>
				<control type="button" id="5">
				  <description>Custom Weather Script Button</description>
				  <posx>5</posx>
				  <posy>315</posy>
				  <label>$INFO[Skin.String(WeatherScript_Label)]</label>
				  <onclick>SetFocus(50)</onclick>
				  <onclick>XBMC.RunScript($INFO[Skin.String(WeatherScript_Path)])</onclick>
				  <onclick>SetFocus(50)</onclick>
				  <include>ButtonCommonValues</include>
				  <visible>Skin.HasSetting(WeatherScript_Enable) + !IsEmpty(Skin.String(WeatherScript_Label))</visible>
				  <onleft>6000</onleft>
				  <onright>6000</onright>
				  <onup>610</onup>
				  <ondown>4</ondown>
				  <animation effect="slide" start="0,0" end="0,-135" time="0" condition="!StringCompare(Weather.Plugin,weather.weatherplus)">Conditional</animation>
				</control>
				<control type="button" id="4">
				  <description>Settings button</description>
				  <posx>5</posx>
				  <posy>360</posy>
				  <label>5</label>
				  <onclick>ActivateWindow(MyWeatherSettings)</onclick>
				  <include>ButtonCommonValues</include>
				  <onleft>6000</onleft>
				  <onright>6000</onright>
				  <onup>5</onup>
				  <ondown>200</ondown>
				  <animation effect="slide" start="0,0" end="0,-135" time="0" condition="!StringCompare(Weather.Plugin,weather.weatherplus)">Conditional</animation>

				</control>
			
				<!-- submenu goes here -->
				<control type="radiobutton" id="200">
					<posx>5</posx>
					<posy>405</posy>
					<description>Fanart Toggle</description>
					<include>ButtonCommonValues</include>
					<label>31307</label>
					<onclick>Skin.ToggleSetting(ShowWeatherFanart)</onclick>
					<selected>!Skin.HasSetting(ShowWeatherFanart)</selected>
					<onleft>6000</onleft>
					<onright>6000</onright>
					<onup>4</onup>
					<ondown>201</ondown>
					<animation effect="slide" start="0,0" end="0,-135" time="0" condition="!StringCompare(Weather.Plugin,weather.weatherplus)">Conditional</animation>
				</control>
				<control type="button" id="201">
					<posx>5</posx>
					<posy>450</posy>
					<description>Search</description>
					<include>ButtonMediaSubCommonValues</include>
					<label>31317</label>
					<onclick>Skin.SetPath(WeatherFanartDir)</onclick>
					<enable>Skin.HasSetting(ShowWeatherFanart)</enable>
					<onleft>6000</onleft>
					<onright>6000</onright>
					<onup>200</onup>
					<ondown>3</ondown>
					<animation effect="slide" start="0,0" end="0,-135" time="0" condition="!StringCompare(Weather.Plugin,weather.weatherplus)">Conditional</animation>
				</control>
			</control>
		</control>
		<control type="group">
			<include>ContentFade</include>
			<control type="image">
				<description>weather location panel</description>
				<posx>350</posx>
				<posy>2</posy>
				<width>620</width>
				<height>30</height>
				<colordiffuse>AAFFFFFF</colordiffuse>
				<texture>videoinfoback.png</texture>
			</control>
			<control type="label">
				<description>weather location label</description>
				<posx>360</posx>
				<posy>5</posy>
				<width>600</width>
				<height>20</height>
				<font>cirrus_24_bold</font>
				<textcolor>white</textcolor>
				<align>center</align>
				<aligny>center</aligny>
				<label>$INFO[Weather.Location] - $INFO[Window.Property(Updated)]</label>
			</control>
			<control type="button" id="50">
			  <description>Fake Button to fix Side Menu Navigation</description>
			  <onleft>3</onleft>
			  <onright>3</onright>
			  <onup>3</onup>
			  <ondown>3</ondown>
			  <visible allowhiddenfocus="true">false</visible>
			</control>
			<control type="group">
			  <description>autohide clock and label</description>
			  <posx>20</posx>
			  <posy>50</posy>
			  <animation effect="slide" end="-310,0" time="400" tween="quadratic" easing="out">WindowClose</animation>
			  <animation effect="slide" start="-310,0" time="400" tween="quadratic" easing="out">WindowOpen</animation>
			  <control type="label">
				<include>WindowTitleCommons</include>
				<posx>0</posx>
				<label>$LOCALIZE[8]</label>
			  </control>
			  <control type="group">
				<posx>20</posx>
				<posy>-40</posy>
			    <include>Clock</include>
			  </control>
			  <visible>!StringCompare(Weather.Plugin,weather.weatherplus) | ControlGroup(9000).HasFocus</visible>
			</control>
		</control>
	</controls>
</window>
