<includes>
	<include name="ThumbnailView">
		<control type="group">
			<visible>Control.IsVisible(500)</visible>
			<include>VisibleFadeEffect</include>
			<control type="panel" id="500">
				<posx>25</posx>
				<posy>120</posy>
				<width>1230</width>
				<height>570</height>
				<onleft>2</onleft>
				<onright>60</onright>
				<onup>500</onup>
				<ondown>500</ondown>
				<viewtype label="21371">list</viewtype>
				<pagecontrol>60</pagecontrol>
				<scrolltime>200</scrolltime>
				<preloaditems>2</preloaditems>
				<visible>![Window.IsVisible(VideoLibrary) + Container.Content(TVShows)]</visible>
				<itemlayout height="145" width="170">
					<control type="image">
						<posx>1</posx>
						<posy>0</posy>
						<width>168</width>
						<height>140</height>
						<bordertexture border="5">button-nofocus.png</bordertexture>
						<bordersize>5</bordersize>
						<fadetime>100</fadetime>
						<texture background="true">$INFO[Listitem.Icon]</texture>
					</control>
					
				</itemlayout>
				<focusedlayout height="175" width="170">
					<control type="image">
						<posx>1</posx>
						<posy>0</posy>
						<width>168</width>
						<height>140</height>
						<bordertexture border="5">folder-focus.png</bordertexture>
						<bordersize>5</bordersize>
						<fadetime>100</fadetime>
						<texture background="true">$INFO[Listitem.Icon]</texture>
					</control>
					
				</focusedlayout>
			</control>
			<control type="label">
						<posx>535</posx>
						<posy>70</posy>
						<width>660</width>
						<height>25</height>
						<font>cirrus_40</font>
						<textcolor>orange</textcolor>
						<selectedcolor>orange</selectedcolor>
						<align>left</align>
						<aligny>center</aligny>
						<info>ListItem.Label</info>
					</control>
			<control type="scrollbar" id="60">
				<posx>1200</posx>
				<posy>120</posy>
				<width>25</width>
				<height>550</height>
				<texturesliderbackground border="0,14,0,14">ScrollBarV.png</texturesliderbackground>
				<texturesliderbar border="2,16,2,16">ScrollBarV_bar.png</texturesliderbar>
				<texturesliderbarfocus border="2,16,2,16">ScrollBarV_bar_focus.png</texturesliderbarfocus>
				<textureslidernib>ScrollBarNib.png</textureslidernib>
				<textureslidernibfocus>ScrollBarNib.png</textureslidernibfocus>
				<onleft>500</onleft>
				<onright>2</onright>
				<showonepage>false</showonepage>
				<orientation>vertical</orientation>
				<visible>Control.IsVisible(500)</visible>
			</control>
		</control>
	</include>
  <include name="CommonRootView">
    <control type="group">
      <visible>Control.IsVisible(50)</visible>
      <include>VisibleFadeEffect</include>
      <control type="list" id="50">
        <posx>70</posx>
        <posy>138</posy>
        <width>690</width>
        <height>440</height>
        <onleft>2</onleft>
        <onright>60</onright>
        <onup>50</onup>
        <ondown>50</ondown>
        <viewtype label="535">list</viewtype>
        <pagecontrol>60</pagecontrol>
        <scrolltime>200</scrolltime>
        <visible>![Window.IsVisible(VideoLibrary) + Container.Content(TVShows)]</visible>
        <itemlayout height="40" width="690">
          <control type="image">
            <posx>0</posx>
            <posy>0</posy>
            <width>700</width>
            <height>40</height>
            <aligny>bottom</aligny>
            <texture border="2,2,2,2" diffuse="rowdiffuse.png">rowblank2.png</texture>
          </control>
          <control type="label">
            <posx>160r</posx>
            <posy>0</posy>
            <width>660</width>
            <height>40</height>
            <font>cirrus_24</font>
            <textcolor>grey2</textcolor>
            <selectedcolor>selected</selectedcolor>
            <align>right</align>
            <aligny>center</aligny>
            <label>$INFO[ListItem.Label]</label>
          </control>
          <control type="label">
            <posx>40r</posx>
            <posy>0</posy>
            <width>110</width>
            <height>40</height>
            <font>cirrus_16</font>
            <textcolor>grey2</textcolor>
            <selectedcolor>selected</selectedcolor>
            <align>right</align>
            <aligny>center</aligny>
            <label>$INFO[ListItem.Label2]</label>
            <animation effect="slide" start="0,0" end="20,0" delay="0" time="0" condition="![Window.IsVisible(VideoLibrary) | Window.IsVisible(VideoFiles)]">conditional</animation>
          </control>
          <control type="image">
            <posx>30r</posx>
            <posy>14</posy>
            <width>20</width>
            <height>16</height>
            <texture>$INFO[ListItem.Overlay]</texture>
            <visible>Window.IsVisible(VideoLibrary) | Window.IsVisible(VideoFiles)</visible>
          </control>
        </itemlayout>
        <focusedlayout height="40" width="690">
          <control type="image">
            <posx>0</posx>
            <posy>0</posy>
            <width>700</width>
            <height>40</height>
            <aligny>bottom</aligny>
            <texture border="2,2,2,2" diffuse="rowdiffuse.png">rowblank2.png</texture>
          </control>
		  <control type="image">
            <posx>0</posx>
            <posy>0</posy>
            <width>700</width>
            <height>40</height>
            <aligny>bottom</aligny>
            <texture>listwhitegradient.png</texture>
          </control>
          <control type="label">
            <posx>160r</posx>
            <posy>0</posy>
            <width>660</width>
            <height>40</height>
            <font>cirrus_24</font>
            <textcolor>white</textcolor>
            <selectedcolor>selected</selectedcolor>
            <align>right</align>
            <aligny>center</aligny>
            <label>$INFO[ListItem.Label]</label>
          </control>
          <control type="label">
            <posx>40r</posx>
            <posy>0</posy>
            <width>110</width>
            <height>40</height>
            <font>cirrus_16</font>
            <textcolor>grey2</textcolor>
            <selectedcolor>selected</selectedcolor>
            <align>right</align>
            <aligny>center</aligny>
            <label>$INFO[ListItem.Label2]</label>
            <animation effect="slide" start="0,0" end="20,0" delay="0" time="0" condition="![Window.IsVisible(VideoLibrary) | Window.IsVisible(VideoFiles)]">conditional</animation>
          </control>
          <control type="image">
            <posx>30r</posx>
            <posy>14</posy>
            <width>20</width>
            <height>16</height>
            <texture>$INFO[ListItem.Overlay]</texture>
            <visible>Window.IsVisible(VideoLibrary) | Window.IsVisible(VideoFiles)</visible>
          </control>
        </focusedlayout>
      </control>
      <control type="scrollbar" id="60">
        <posx>770</posx>
        <posy>125</posy>
        <width>25</width>
        <height>460</height>
        <texturesliderbackground border="0,14,0,14">ScrollBarV.png</texturesliderbackground>
        <texturesliderbar border="0,14,0,14">ScrollBarV_bar.png</texturesliderbar>
        <texturesliderbarfocus border="0,14,0,14">ScrollBarV_bar_focus.png</texturesliderbarfocus>
        <textureslidernib>ScrollBarNib.png</textureslidernib>
        <textureslidernibfocus>ScrollBarNib.png</textureslidernibfocus>
        <onleft>50</onleft>
        <onright>2</onright>
        <showonepage>false</showonepage>
        <orientation>vertical</orientation>
        <visible>Control.IsVisible(50)</visible>
      </control>
      <control type="group">
        <posx>850</posx>
        <posy>100</posy>
        <visible>Control.IsVisible(50)</visible>
        <control type="image">
          <posx>0</posx>
          <posy>40</posy>
          <width>360</width>
          <height>440</height>
          <aspectratio aligny="center">keep</aspectratio>
          <fadetime>IconCrossfadeTime</fadetime>
          <texture diffuse="maskposter.png">$INFO[ListItem.Icon]</texture>
		  <visible>!Container.Content(Genres) + !Container.Content(Studios)</visible>
        </control>
		<!-- GenreFanart Mod -->
        <control type="image">
		  <posx>0</posx>
		  <posy>40</posy>
		  <width>360</width>
		  <height>440</height>
		  <aspectratio aligny="center">keep</aspectratio>
		  <fadetime>IconCrossfadeTime</fadetime>
		  <texture diffuse="maskposter.png" fallback="special://skin/extras/moviegenres/default.png">special://skin/extras/moviegenres/$INFO[ListItem.Label].png</texture>
		  <visible>Container.Content(Genres) + !Window.IsVisible(MusicLibrary)</visible>
        </control>
		<control type="image">
		  <posx>0</posx>
		  <posy>40</posy>
		  <width>360</width>
		  <height>440</height>
		  <aspectratio aligny="center">keep</aspectratio>
		  <fadetime>IconCrossfadeTime</fadetime>
		  <texture diffuse="maskposter.png" fallback="special://skin/extras/musicgenres/default.png">special://skin/extras/musicgenres/$INFO[ListItem.Label].png</texture>
		  <visible>Container.Content(Genres) + Window.IsVisible(MusicLibrary)</visible>
        </control>
		<control type="image">
		  <posx>0</posx>
		  <posy>40</posy>
		  <width>360</width>
		  <height>440</height>
		  <aspectratio aligny="center">keep</aspectratio>
		  <fadetime>IconCrossfadeTime</fadetime>
		  <texture diffuse="maskposter.png" fallback="special://skin/extras/moviestudios/default.png">special://skin/extras/moviestudios/$INFO[ListItem.Label].png</texture>
		  <visible>Container.Content(Studios)</visible>
        </control>
      </control>
    </control>
  </include>
</includes>
