<?xml version="1.0" encoding="UTF-8" standalone="yes"?>
<addon id="script.nextaired" name="Next Aired script" version="1.0.0" provider-name="Eraser">
	<requires>
		<import addon="xbmc.python" version="1.0"/>
	</requires>
	<extension point="xbmc.python.library" library="default.py" />
	<extension point="xbmc.addon.metadata">
		<summary lang="en">Netx Aired script</summary>
		<description lang="en">Script to get Next Aired episode TvShow from the database.</description>
		<platform>all</platform>
	</extension>
</addon>
