<?xml version="1.0" encoding="UTF-8" standalone="yes"?>
<addon id="script.XMPPnotify"
       name="XMPP notify"
       version="0.0.3"
       provider-name="Eraser">
  <requires>
    <import addon="xbmc.python" version="1.0"/>
	<import addon="script.module.pysqlite" version="2.5.6" /> 
  </requires>
 <extension point="xbmc.python.script" library="default.py">
  <provides>executable</provides> 
  </extension>

  <extension point="xbmc.addon.metadata">
    <summary lang="en">XMPP notify</summary>
    <description lang="en">XMPP notify</description>
    <platform>all</platform>
  </extension>
</addon>
