<window>

	<defaultcontrol>1001</defaultcontrol>

	<coordinates>

		<system>1</system>

		<posx>0</posx>
		<posy>0</posy>

	</coordinates>

	<animation effect="fade" time="250">WindowOpen</animation>

	<animation effect="fade" time="250">WindowClose</animation>

	<controls>

		<control type="group">

			<posx>230</posx>
			<posy>210</posy>

			<control type="image">
				<posx>0</posx>
				<posy>0</posy>

				<width>800</width>

				<height>300</height>
				<texture border="40">default-panel.png</texture>

			</control>

			<control type="group" id="110">

				<control type="image" >
					<description>logo</description>

					<posx>30</posx>

					<posy>20</posy>
					<width>155</width>
					<height>36</height>
					<texture>logo.png</texture>

				</control>

			</control>

			<control type="image" id="301">
				<description>twitter icon</description>
				<posx>30</posx>
				<posy>80</posy>
				<width>73</width>
				<height>73</height>
				<texture background="true">twitterpic.png</texture>
			</control>
			<control type="label" id="302">
				<description>from</description>
				<posx>120</posx>
				<posy>75</posy>
				<width>800</width>
				<height>20</height>
				<font>font18</font>
				<textcolor>FF99D8FF</textcolor>
				<align>left</align>
				<label></label>
			</control>
			<control type="label" id="300">

				<description>tweet</description>

				<posx>120</posx>

				<posy>112</posy>
				<width>680</width>
				<height>150</height>
				<font>font18</font>

				<textcolor>white</textcolor>

				<align>left</align>


       
        
      
			</control>
			<control type="button" id="1001">
				  <description>Close</description>
				  <posx>425</posx>
				  <posy>200</posy>
				  <width>200</width>
				  <height>50</height>
				  <visible>true</visible>
				  <colordiffuse>FFFFFFFF</colordiffuse>
				  <label>$LOCALIZE[30050]</label>
				  <font>font18</font>
				  <textcolor>FFFFFFFF</textcolor>
				  <disabledcolor>80FFFFFF</disabledcolor>
				  <align>center</align>
				  <aligny>center</aligny>
				  <textoffsetx></textoffsetx>
				  <textoffsety></textoffsety>
				  <pulseonselect></pulseonselect>
				  <onclick></onclick>
				  <onup></onup>
				  <ondown></ondown>
				  <onleft>1002</onleft>
				  <onright></onright>
			</control>
			<control type="button" id="1002">
				  <description>Reply</description>
				  <posx>175</posx>
				  <posy>200</posy>
				  <width>200</width>
				  <height>50</height>
				  <visible>true</visible>
				  <colordiffuse>FFFFFFFF</colordiffuse>
				  <label>$LOCALIZE[30051]</label>
				  <font>font18</font>
				  <textcolor>FFFFFFFF</textcolor>
				  <disabledcolor>80FFFFFF</disabledcolor>
				  <align>center</align>
				  <aligny>center</aligny>
				  <textoffsetx></textoffsetx>
				  <textoffsety></textoffsety>
				  <pulseonselect></pulseonselect>
				  <onclick></onclick>
				  <onup></onup>
				  <ondown></ondown>
				  <onleft></onleft>
				  <onright>1001</onright>
			</control>
		</control>
	</controls>
</window>