<window id="20">
	<defaultcontrol always="true">50</defaultcontrol>
	<allowoverlay>no</allowoverlay>
	<views>50,51,503</views>
	<controls>
		<include>CommonSettingsBackground</include>
		<control type="image">
			<posx>0</posx>
			<posy>0</posy>
			<width>1280</width>
			<height>720</height>
			<texture background="true">$INFO[ListItem.Property(Fanart_Image)]</texture>
			<include>backgroundfade</include>
			<fadetime>FanartCrossfadeTime</fadetime>
			<include>Window_OpenClose_Animation</include>		
		</control>
		<include>CommonMediaPlayingBackground</include>
		<control type="group">
			<include>Window_OpenClose_Animation</include>		
			<control type="image">
				<posx>0</posx>
				<posy>0</posy>
				<width>1280</width>
				<height>720</height>
				<texture border="20">black-back.png</texture>
				<include>VisibleFadeEffect</include>
				<visible>Control.IsVisible(50) | Control.IsVisible(51)</visible>
			</control>
			  <control type="group">
				  <include>VisibleFadeEffect</include>
				  <visible>Control.IsVisible(50)</visible>
				  <control type="image">
					  <posx>0</posx>
					  <posy>120</posy>
					  <width>1280</width>
					  <height>480</height>
					  <texture border="20">videoinfoback.png</texture>
				  </control>
			  </control>
			<control type="group">
				<include>VisibleFadeEffect</include>
				<visible>Control.IsVisible(50)</visible>
				<control type="image">
					<posx>50</posx>
					<posy>60</posy>
					<width>750</width>
					<height>600</height>
					<texture border="20">ContentPanel.png</texture>
				</control>
				<control type="image">
					<posx>50</posx>
					<posy>645</posy>
					<width>750</width>
					<height>600</height>
					<aspectratio aligny="top">keep</aspectratio>
					<texture diffuse="diffuse_mirror3.png" flipy="true" border="20">ContentPanel.png</texture>
				</control>
			</control>
			<control type="group">
				<include>VisibleFadeEffect</include>
				<visible>Control.IsVisible(51)</visible>
				<control type="image">
					<posx>75</posx>
					<posy>60</posy>
					<width>1130</width>
					<height>600</height>
					<texture border="20">ContentPanel.png</texture>
				</control>
				<control type="image">
					<posx>75</posx>
					<posy>645</posy>
					<width>1130</width>
					<height>600</height>
					<aspectratio aligny="top">keep</aspectratio>
					<texture diffuse="diffuse_mirror3.png" flipy="true" border="20">ContentPanel.png</texture>
				</control>
			</control>
		</control>
		<control type="group">
			<include>Window_OpenClose_Animation</include>		
			<include>CommonRootView</include> <!-- view id = 50 -->
			<include>FullWidthList</include> <!-- view id = 51 -->
			<include>RightAddonView</include> <!-- view id = 503 -->
		</control>
		<include>CommonPageCount</include>
		<include>BehindDialogFadeOut</include>
		<include>ScrollOffsetLabel</include>
		<control type="group"> <!-- type of addon -->
			<posx>20</posx>
			<posy>100</posy>
			<visible>!IsEmpty(Container.Property(AddonCategory))</visible>
			<include>VisibleFadeEffect</include>
			<animation effect="slide" end="-710,0" time="400" tween="quadratic" easing="out">WindowClose</animation>
			<animation effect="slide" start="-710,0" time="400" tween="quadratic" easing="out">WindowOpen</animation>
			<control type="fadelabel">
				<width>550</width>
				<include>WindowTitleCommons</include>
				<posx>0</posx>
				<scrollout>false</scrollout>
				<pauseatend>2000</pauseatend>
				<label>$INFO[Container.Property(AddonCategory)]</label>
			</control>
		</control>
		<control type="group">
			<posx>20</posx>
			<posy>50</posy>
			<visible>!IsEmpty(Container.Property(RepoName))</visible>
			<include>VisibleFadeEffect</include>
			<animation effect="slide" end="-600,0" time="400" tween="quadratic" easing="out">WindowClose</animation>
			<animation effect="slide" start="-600,0" time="400" tween="quadratic" easing="out">WindowOpen</animation>
			<control type="fadelabel">
				<width>600</width>
				<include>WindowTitleCommons</include>
				<posx>0</posx>
				<scrollout>false</scrollout>
				<pauseatend>2000</pauseatend>
				<label>$INFO[Container.Property(RepoName)]</label>
			</control>
		</control>
		<control type="group">
			<animation effect="slide" start="0,0" end="250,0" time="400" tween="quadratic" easing="out" condition="ControlGroup(9000).HasFocus | Control.HasFocus(8999)">Conditional</animation>
			<animation effect="slide" start="0,0" end="-250,0" time="400" tween="quadratic" easing="out" condition="ControlGroup(9000).HasFocus | Control.HasFocus(8999)">WindowClose</animation>
			<control type="button" id="8999">
				<description>Fake button for mouse control</description>
				<posx>-250</posx>
				<posy>0</posy>
				<width>265</width>
				<height>720</height>
				<label>-</label>
				<font>-</font>
				<texturenofocus>-</texturenofocus>
				<texturefocus>-</texturefocus>
				<visible>true</visible>
			</control>
			<include>SideBladeLeft</include>
			<control type="image">
				<description>LOGO</description>
				<posx>-230</posx>
				<posy>50</posy>
				<width>220</width>
				<height>80</height>
				<aspectratio>keep</aspectratio>
				<texture>Confluence_Logo.png</texture>
			</control>
			<control type="group" id="9000">
				<posx>-250</posx>
				<posy>130</posy>
				<include>CommonNowPlaying</include>
				<control type="button" id="2">
					<description>View As button</description>
					<posx>0</posx>
					<posy>0</posy>
					<include>ButtonCommonValues</include>
					<label>-</label>
					<onleft>50</onleft>
					<onright>50</onright>
					<onup>611</onup>
					<ondown>3</ondown>
				</control>
				<control type="button" id="3">
					<description>Sort by button</description>
					<posx>0</posx>
					<posy>40</posy>
					<include>ButtonCommonValues</include>
					<label>103</label>
					<onleft>50</onleft>
					<onright>4</onright>
					<onup>2</onup>
					<ondown>5</ondown>
				</control>
				<control type="togglebutton" id="4">
					<description>Sort asc</description>
					<posx>220</posx>
					<posy>53</posy>
					<label>-</label>
					<onleft>3</onleft>
					<onright>50</onright>
					<onup>2</onup>
					<ondown>5</ondown>
				</control>
				<control type="label">
					<posx>0</posx>
					<posy>90</posy>
					<width>250</width>
					<height>45</height>
					<font>font12caps</font>
					<label>$LOCALIZE[24002]</label>
					<textcolor>dialogheader</textcolor>
					<align>center</align>
					<aligny>center</aligny>
				</control>
				<control type="radiobutton" id ="5">
					<description>Enable auto-updates</description>
					<posx>0</posx>
					<posy>130</posy>
					<include>ButtonCommonValues</include>
					<label>24063</label>
					<onleft>50</onleft>
					<onright>50</onright>
					<onup>3</onup>
					<ondown>610</ondown>
				</control>
				<control type="button" id="610">
					<description>Fake Button to fix Player Controls Navigation</description>
					<onup>5</onup>
					<ondown>603</ondown>
					<visible>false</visible>
				</control>
				<control type="group">
					<posx>0</posx>
					<posy>260</posy>
					<include>CommonNowPlaying_Controls</include>
				</control>
				<control type="button" id="611">
					<description>Fake Button to fix Player Controls Navigation</description>
					<onup>608</onup>
					<ondown>2</ondown>
					<visible>false</visible>
				</control>
				<include>Clock</include>
			</control>
		</control>
		
		<!-- <control type="group">
		  <posx>20</posx>
		  <posy>50</posy>
			<animation effect="slide" end="-310,0" time="400" tween="quadratic" easing="out">WindowClose</animation>
			<animation effect="slide" start="-310,0" time="400" tween="quadratic" easing="out">WindowOpen</animation>
			<control type="label">
				<include>WindowTitleCommons</include>
				<posx>0</posx>
				<label>$LOCALIZE[24001]</label>
			</control>
		</control>-->
		<include>Clock</include>
	</controls>
</window>
