<window id="146">
	<defaultcontrol always="true">9000</defaultcontrol>
	<coordinates>
		<system>1</system>
		<posx>85</posx>
		<posy>60</posy>
		<origin x="185" y="10">!IsEmpty(ListItem.Property(Addon.broken))</origin>
	</coordinates>
	<include>dialogeffect</include>
	<controls>
		<control type="group">
			<include>VisibleFadeEffect</include>
			<visible>!Window.isVisible(AddonSettings) + !Window.IsActive(TextViewer)</visible>
			<control type="image">
				<description>background image</description>
				<posx>0</posx>
				<posy>0</posy>
				<width>1020</width>
				<height>600</height>
				<texture border="40">black-back.png</texture>
			</control>
			<control type="image">
				<description>background image</description>
				<posx>0</posx>
				<posy>0</posy>
				<width>1020</width>
				<height>600</height>
				<texture border="40">videoinfoback.png</texture>
			</control>
			<control type="label">
				<description>header label</description>
				<posx>280</posx>
				<posy>30</posy>
				<width>680</width>
				<height>30</height>
				<font>cirrus_40</font>
				<label>24003</label>
				<align>left</align>
				<aligny>center</aligny>
				<textcolor>orange</textcolor>
				<shadowcolor>black</shadowcolor>
			</control>
			<control type="image">
				<posx>35</posx>
				<posy>40</posy>
				<width>220</width>
				<height>220</height>
				<aspectratio>stretch</aspectratio>
				<texture diffuse="masksquare.png">$INFO[ListItem.Icon]</texture>
			</control>
			<control type="label">
				<description>Addon Title value</description>
				<posx>280</posx>
				<posy>80</posy>
				<width>680</width>
				<height>30</height>
				<align>left</align>
				<aligny>center</aligny>
				<font>cirrus_30_Bold</font>
				<label>[B]$INFO[ListItem.Property(Addon.Name)][/B]</label>
				<textcolor>white</textcolor>
				<scroll>true</scroll>
			</control>
			<control type="group">
				<posx>280</posx>
				<posy>130</posy>
				<control type="label">
					<description>Type</description>
					<posx>0</posx>
					<posy>0</posy>
					<width>690</width>
					<height>25</height>
					<label>$INFO[ListItem.Property(Addon.Type),[COLOR=orange]$LOCALIZE[146][/COLOR] ]</label>
					<align>left</align>
					<aligny>center</aligny>
					<font>cirrus_20_Bold</font>
					<textcolor>white</textcolor>
				</control>
				<control type="label">
					<description>Author</description>
					<posx>0</posx>
					<posy>30</posy>
					<width>690</width>
					<height>25</height>
					<label>$INFO[ListItem.Property(Addon.Creator),[COLOR=orange]$LOCALIZE[21863]:[/COLOR] ]</label>
					<align>left</align>
					<aligny>center</aligny>
					<font>cirrus_20_Bold</font>
					<textcolor>white</textcolor>
				</control>
				<control type="label">
					<description>Version</description>
					<posx>0</posx>
					<posy>60</posy>
					<width>590</width>
					<height>25</height>
					<label>$INFO[ListItem.Property(Addon.Version),[COLOR=orange]$LOCALIZE[24051] [/COLOR] ]</label>
					<align>left</align>
					<aligny>center</aligny>
					<font>cirrus_20_Bold</font>
					<textcolor>white</textcolor>
				</control>
				<control type="label">
					<description>Rating label</description>
					<posx>0</posx>
					<posy>90</posy>
					<width>80</width>
					<height>25</height>
					<label>$LOCALIZE[563]:</label>
					<align>left</align>
					<aligny>center</aligny>
					<font>cirrus_20_Bold</font>
					<textcolor>orange</textcolor>
				</control>
				<control type="image">
					<description>Rating value</description>
					<posx>80</posx>
					<posy>87</posy>
					<width>160</width>
					<height>32</height>
					<texture>$INFO[ListItem.Property(Addon.StarRating)]</texture>
				</control>
				<control type="label">
					<description>Summary</description>
					<posx>0</posx>
					<posy>120</posy>
					<width>690</width>
					<height>25</height>
					<label>$INFO[ListItem.Property(Addon.Summary),[COLOR=orange]$LOCALIZE[20037]: [/COLOR] ]</label>
					<align>left</align>
					<aligny>center</aligny>
					<font>cirrus_20_Bold</font>
					<textcolor>white</textcolor>
				</control>
				<control type="image">
					<posx>0</posx>
					<posy>160</posy>
					<width>600</width>
					<height>4</height>
					<texture>separator.png</texture>
				</control>
				<control type="label">
					<description>Description txt</description>
					<posx>0</posx>
					<posy>170</posy>
					<width>300</width>
					<height>25</height>
					<label>$LOCALIZE[21821]</label>
					<align>left</align>
					<aligny>center</aligny>
					<font>cirrus_20_Bold</font>
					<textcolor>orange</textcolor>
				</control>
				<control type="group">
					<visible>!IsEmpty(ListItem.Property(Addon.Disclaimer))</visible>
					<control type="label">
						<description>Description Page Count</description>
						<posx>700</posx>
						<posy>170</posy>
						<width>300</width>
						<height>25</height>
						<label>$INFO[Container(400).CurrentPage, $LOCALIZE[31024] [COLOR=orange]([/COLOR]]$INFO[Container(400).NumPages,/,[COLOR=orange])[/COLOR]]</label>
						<align>right</align>
						<aligny>center</aligny>
						<font>font12</font>
						<textcolor>grey</textcolor>
					</control>
					<control type="textbox" id="400">
						<description>Description</description>
						<posx>0</posx>
						<posy>195</posy>
						<width>680</width>
						<height>160</height>
						<font>cirrus_16</font>
						<align>-</align>
						<textcolor>white</textcolor>
						<label>$INFO[ListItem.Property(Addon.Description)]</label>
						<pagecontrol>60</pagecontrol>
					</control>
					<control type="scrollbar" id="60">
						<posx>710</posx>
						<posy>190</posy>
						<width>25</width>
						<height>175</height>
						<texturesliderbackground border="0,14,0,14">ScrollBarV.png</texturesliderbackground>
						<texturesliderbar border="0,14,0,14">ScrollBarV_bar.png</texturesliderbar>
						<texturesliderbarfocus border="0,14,0,14">ScrollBarV_bar_focus.png</texturesliderbarfocus>
						<textureslidernib>ScrollBarNib.png</textureslidernib>
						<textureslidernibfocus>ScrollBarNib.png</textureslidernibfocus>
						<onleft>9000</onleft>
						<onright>61</onright>
						<showonepage>false</showonepage>
						<orientation>vertical</orientation>
					</control>
					<control type="label">
						<description>Disclaimer txt</description>
						<posx>0</posx>
						<posy>370</posy>
						<width>600</width>
						<height>25</height>
						<label>$LOCALIZE[24052]</label>
						<align>left</align>
						<aligny>center</aligny>
						<font>font13</font>
						<textcolor>orange</textcolor>
					</control>
					<control type="textbox">
						<description>Disclaimer</description>
						<posx>10</posx>
						<posy>395</posy>
						<width>680</width>
						<height>40</height>
						<font>font12</font>
						<align>-</align>
						<textcolor>white</textcolor>
						<label>$INFO[ListItem.Property(Addon.Disclaimer)]</label>
						<autoscroll time="2000" delay="3000" repeat="5000">true</autoscroll>
					</control>
				</control>
				<control type="group">
					<visible>IsEmpty(ListItem.Property(Addon.Disclaimer))</visible>
					<control type="label">
						<description>Description Page Count</description>
						<posx>700</posx>
						<posy>170</posy>
						<width>300</width>
						<height>25</height>
						<label>$INFO[Container(401).CurrentPage, $LOCALIZE[31024] [COLOR=blue]([/COLOR]]$INFO[Container(401).NumPages,/,[COLOR=blue])[/COLOR]]</label>
						<align>right</align>
						<aligny>center</aligny>
						<font>font12</font>
						<textcolor>grey</textcolor>
					</control>
					<control type="textbox" id="401">
						<description>Description</description>
						<posx>10</posx>
						<posy>195</posy>
						<width>680</width>
						<height>250</height>
						<font>font12</font>
						<align>-</align>
						<textcolor>white</textcolor>
						<label>$INFO[ListItem.Property(Addon.Description)]</label>
						<pagecontrol>61</pagecontrol>
					</control>
					<control type="scrollbar" id="61">
						<posx>710</posx>
						<posy>190</posy>
						<width>25</width>
						<height>250</height>
						<texturesliderbackground border="0,14,0,14">ScrollBarV.png</texturesliderbackground>
						<texturesliderbar border="0,14,0,14">ScrollBarV_bar.png</texturesliderbar>
						<texturesliderbarfocus border="0,14,0,14">ScrollBarV_bar_focus.png</texturesliderbarfocus>
						<textureslidernib>ScrollBarNib.png</textureslidernib>
						<textureslidernibfocus>ScrollBarNib.png</textureslidernibfocus>
						<onleft>60</onleft>
						<onright>9000</onright>
						<showonepage>false</showonepage>
						<orientation>vertical</orientation>
					</control>
				</control>
			</control>
			<control type="group" id="9000">
				<posx>35</posx>
				<posy>280</posy>
				<control type="button" id ="6">
					<description>Enable Addon button</description>
					<posx>0</posx>
					<posy>0</posy>
					<width>220</width>
					<height>55</height>
					<textoffsetx>20</textoffsetx>
					<label>24022</label>
					<font>cirrus_20_Bold</font>
					<align>center</align>
					<texturenofocus border="5">button-backNF.png</texturenofocus>
					<texturefocus border="5">button-backFO.png</texturefocus>
					<onleft>60</onleft>
					<onright>60</onright>
					<onup>10</onup>
					<ondown>7</ondown>
				</control>
				<control type="button" id="7">
					<description>Disable Addon button</description>
					<posx>0</posx>
					<posy>60</posy>
					<width>220</width>
					<height>55</height>
					<textoffsetx>20</textoffsetx>
					<label>24021</label>
					<font>cirrus_20_Bold</font>
					<align>center</align>
					<texturenofocus border="5">button-backNF.png</texturenofocus>
					<texturefocus border="5">button-backFO.png</texturefocus>
					<onleft>60</onleft>
					<onright>60</onright>
					<onup>6</onup>
					<ondown>9</ondown>
				</control>
				<control type="button" id="9">
					<description>Addon Settings</description>
					<posx>0</posx>
					<posy>120</posy>
					<width>220</width>
					<height>55</height>
					<textoffsetx>20</textoffsetx>
					<label>24020</label>
					<font>cirrus_20_Bold</font>
					<align>center</align>
					<texturenofocus border="5">button-backNF.png</texturenofocus>
					<texturefocus border="5">button-backFO.png</texturefocus>
					<onleft>60</onleft>
					<onright>60</onright>
					<onup>7</onup>
					<ondown>8</ondown>
				</control>
				<control type="button" id="8">
					<description>Update Addon button</description>
					<posx>0</posx>
					<posy>180</posy>
					<width>220</width>
					<height>55</height>
					<textoffsetx>20</textoffsetx>
					<label>24069</label>
					<font>cirrus_20_Bold</font>
					<align>center</align>
					<texturenofocus border="5">button-backNF.png</texturenofocus>
					<texturefocus border="5">button-backFO.png</texturefocus>
					<onleft>60</onleft>
					<onright>60</onright>
					<onup>9</onup>
					<ondown>10</ondown>
				</control>
				<control type="button" id="10">
					<description>Changelog button</description>
					<posx>0</posx>
					<posy>240</posy>
					<width>220</width>
					<height>55</height>
					<textoffsetx>20</textoffsetx>
					<label>24036</label>
					<font>cirrus_20_Bold</font>
					<align>center</align>
					<texturenofocus border="5">button-backNF.png</texturenofocus>
					<texturefocus border="5">button-backFO.png</texturefocus>
					<onleft>60</onleft>
					<onright>60</onright>
					<onup>8</onup>
					<ondown>6</ondown>
				</control>
			</control>
			<control type="group">
				<visible>!IsEmpty(ListItem.Property(Addon.broken))</visible>
				<posx>0</posx>
				<posy>600</posy>
				<control type="image">
					<description>background image</description>
					<posx>0</posx>
					<posy>0</posy>
					<width>920</width>
					<height>100</height>
					<texture border="20">OverlayDialogBackground.png</texture>
				</control>
				<control type="image">
					<description>Icon image</description>
					<posx>18</posx>
					<posy>18</posy>
					<width>64</width>
					<height>64</height>
					<texture>DefaultIconError.png</texture>
				</control>
				<control type="label">
					<description>header label</description>
					<posx>100</posx>
					<posy>15</posy>
					<width>800</width>
					<height>25</height>
					<font>font13_title</font>
					<label>24096</label>
					<align>left</align>
					<aligny>center</aligny>
					<textcolor>selected</textcolor>
					<shadowcolor>black</shadowcolor>
				</control>
				<control type="textbox">
					<description>Reason label</description>
					<posx>100</posx>
					<posy>35</posy>
					<width>800</width>
					<height>50</height>
					<font>font13</font>
					<label>$INFO[ListItem.Property(Addon.broken)]</label>
					<align>left</align>
					<textcolor>white</textcolor>
					<shadowcolor>black</shadowcolor>
				</control>
			</control>
		</control>
	</controls>
</window>
