<window type="dialog" id="142">
	<defaultcontrol always="true">61</defaultcontrol>
	<controls>
		<control type="group">
			<animation effect="fade" start="100" end="0" time="300" tween="quadratic" easing="out" condition="Window.IsVisible(SliderDialog) | Window.IsVisible(OSDVideoSettings) | Window.IsVisible(OSDAudioSettings) | Window.IsVisible(VideoBookmarks)">Conditional</animation>
			<control type="image"> <!-- background -->
				<animation effect="slide" start="0,160" end="0,0" time="400" tween="quadratic" easing="out">WindowOpen</animation>
				<animation effect="slide" start="0,0" end="0,160" time="400" tween="quadratic" easing="out">WindowClose</animation>
				<posx>0</posx>
				<posy>160r</posy>
				<width>1280</width>
				<height>160</height>
				<aspectratio>stretch</aspectratio>
 				<texture>OSDbackground.png</texture> <!-- flip y when up the top -->
			</control>
			<control type="group"> <!-- PLOT -->
				<visible>[Skin.HasSetting(plotfi) + !StringCompare("",VideoPlayer.Plot)]</visible>
				<animation effect="slide" start="0,-160" end="0,0" time="400" tween="quadratic" easing="out">WindowOpen</animation>
				<animation effect="slide" start="0,0" end="0,-160" time="400" tween="quadratic" easing="out">WindowClose</animation>
				<control type="image"> <!-- background -->
					<posx>0</posx>
					<posy>0</posy>
					<width>1280</width>
					<height>160</height>
					<aspectratio>stretch</aspectratio>
					<texture flipy="true">OSDbackground.png</texture> <!-- flip y when up the top -->
				</control>
				<control type="textbox" > 
					<posx>10</posx>
					<posy>5</posy>
					<width>1255</width>
					<height>142</height>
					<label>$INFO[VideoPlayer.Plot]</label>
					<align>left</align>
					<aligny>top</aligny>
					<font>cirrus_24</font>
					<textcolor>white</textcolor>
					<pagecontrol>61</pagecontrol>
					<visible>VideoPlayer.Content(Movies) | VideoPlayer.Content(Episodes)</visible>
				</control>
				<control type="scrollbar" id="61">
					<posx>1255</posx>
					<posy>5</posy>
					<width>25</width>
					<height>150</height>
					<texturesliderbackground border="0,14,0,14">ScrollBarV.png</texturesliderbackground>
					<texturesliderbar border="0,14,0,14">ScrollBarV_bar.png</texturesliderbar>
					<texturesliderbarfocus border="0,14,0,14">ScrollBarV_bar_focus.png</texturesliderbarfocus>
					<textureslidernib>ScrollBarNib.png</textureslidernib>
					<textureslidernibfocus>ScrollBarNib.png</textureslidernibfocus>
					<showonepage>true</showonepage>
					<orientation>vertical</orientation>
					<onright>PlayerControl(SmallSkipForward)</onright>
					<onleft>PlayerControl(SmallSkipBackward)</onleft>
				</control>
			</control>
			<control type="group"> <!-- COVER -->
				<animation effect="slide" start="-360,0" end="0,0" time="400" tween="quadratic" easing="out">WindowOpen</animation>
				<animation effect="slide" start="0,0" end="-360,0" time="400" tween="quadratic" easing="out">WindowClose</animation>
				<control type="image">
					<description>Non Movie cover image</description>
					<posx>20</posx>
					<posy>230r</posy>
					<width>340</width>
					<height>196</height>
					<fadetime>200</fadetime>
					<texture background="true" diffuse="maskthumbnail.png">$INFO[VideoPlayer.Cover]</texture>
					<aspectratio aligny="bottom">stretch</aspectratio>
					<visible>!VideoPlayer.Content(Movies)</visible>
				</control>
				<control type="image">
					<posx>20</posx>
					<posy>230r</posy>
					<width>340</width>
					<height>196</height>
					<aspectratio aligny="top">stretch</aspectratio>
					<fadetime>IconCrossfadeTime</fadetime>
					<texture background="true" diffuse="maskthumbnail.png">GlassOverlay2.png</texture>
					<visible>!VideoPlayer.Content(Movies)</visible>
				</control>
				<control type="image">
					<posx>20</posx>
					<posy>230r</posy>
					<width>340</width>
					<height>196</height>
					<aspectratio aligny="top">stretch</aspectratio>
					<fadetime>IconCrossfadeTime</fadetime>
					<texture>border-thumbnail.png</texture>
					<visible>!VideoPlayer.Content(Movies)</visible>
				</control>
				<control type="image">
					<description>Movie cover image</description>
					<posx>20</posx>
					<posy>545r</posy>
					<width>340</width>
					<height>510</height>
					<fadetime>200</fadetime>
					<texture background="true" diffuse="maskposter.png">$INFO[VideoPlayer.Cover]</texture>
					<aspectratio aligny="bottom">stretch</aspectratio>
					<visible>VideoPlayer.Content(Movies)</visible>
				</control>
				<control type="image">
					<description>Movie cover overlay</description>
					<posx>20</posx>
					<posy>545r</posy>
					<width>340</width>
					<height>510</height>
					<fadetime>200</fadetime>
					<texture background="true" diffuse="maskposter.png">GlassOverlay2.png</texture>
					<aspectratio aligny="bottom">stretch</aspectratio>
					<visible>VideoPlayer.Content(Movies)</visible>
				</control>
				<control type="image">
					<description>Movie cover border</description>
					<posx>20</posx>
					<posy>545r</posy>
					<width>340</width>
					<height>510</height>
					<fadetime>200</fadetime>
					<texture>border-poster.png</texture>
					<aspectratio aligny="bottom">stretch</aspectratio>
					<visible>VideoPlayer.Content(Movies)</visible>
				</control>
			</control>
			
			<control type="group">
				<animation effect="slide" start="0,160" end="0,0" time="400" tween="quadratic" easing="out">WindowOpen</animation>
				<animation effect="slide" start="0,0" end="0,160" time="400" tween="quadratic" easing="out">WindowClose</animation>
				<posx>370</posx>
				<posy>140r</posy>
				<control type="progress"> <!-- Progress -->
					<description>Progressbar</description>
					<posx>-350</posx>
					<posy>25r</posy>
					<width>1040</width>
					<height>14</height>
					<info>Player.Progress</info>
				</control>
				<control type="grouplist"> <!-- FLAG -->
					<description>Media Codec Flagging Images</description>
					<posx>340</posx>
					<posy>0</posy>
					<width>550</width>
					<align>right</align>
					<itemgap>10</itemgap>
					<orientation>horizontal</orientation>
					<control type="image">
						<description>Video rez Image</description>
						<width>80</width>
						<height>40</height>
						<aspectratio>keep</aspectratio>
						<texture>$INFO[VideoPlayer.VideoResolution,flagging/video/,.png]</texture>
					</control>
					<control type="image">
						<description>Common Codec Image</description>
						<width>80</width>
						<height>40</height>
						<aspectratio>keep</aspectratio>
						<texture>$INFO[VideoPlayer.VideoCodec,flagging/video/,.png]</texture>
						<!-- Don't show if its one of the 500 divx codecs -->
						<visible>![substring(VideoPlayer.VideoCodec,divx) | substring(VideoPlayer.VideoCodec,div3) | substring(VideoPlayer.VideoCodec,div4) | substring(VideoPlayer.VideoCodec,div5) | substring(VideoPlayer.VideoCodec,dx50)]</visible>
					</control>
					<control type="image">
						<description>Divx Codec Image</description>
						<width>80</width>
						<height>40</height>
						<aspectratio>keep</aspectratio>
						<texture>flagging/video/divx.png</texture>
						<visible>substring(VideoPlayer.VideoCodec,divx) | substring(VideoPlayer.VideoCodec,div3) |substring(VideoPlayer.VideoCodec,div4) | substring(VideoPlayer.VideoCodec,div5) | substring(VideoPlayer.VideoCodec,dx50)</visible>
					</control>
					<control type="image">
						<description>Dolby Digital Image</description>
						<width>80</width>
						<height>40</height>
						<aspectratio>keep</aspectratio>
						<texture>flagging/audio/dolbydigital.png</texture>
						<visible>[substring(VideoPlayer.AudioCodec,ac3) + substring(VideoPlayer.AudioChannels,6)]</visible>
					</control>
					<control type="image">
						<description>Audio Codec Image</description>
						<width>80</width>
						<height>40</height>
						<aspectratio>keep</aspectratio>
						<texture>$INFO[VideoPlayer.AudioCodec,flagging/audio/,.png]</texture>
						<!-- Don't show if I want the Dolby Digital Logo -->
						<visible>![substring(VideoPlayer.AudioCodec,ac3) + substring(VideoPlayer.AudioChannels,6)]</visible>
					</control>
					<control type="image">
						<description>Audio Channels Image</description>
						<width>60</width>
						<height>40</height>
						<aspectratio>keep</aspectratio>
						<texture>$INFO[VideoPlayer.AudioChannels,flagging/audio/,.png]</texture>
					</control>
				</control>
				<control type="label"> <!-- PLAYING -->
					<description>Playing Label</description>
					<posx>0</posx>
					<posy>0</posy>
					<width>500</width>
					<height>25</height>
					<align>left</align>
					<aligny>center</aligny>
					<font>cirrus_24</font>
					<textcolor>orange</textcolor>
					<shadowcolor>black</shadowcolor>
					<label>31040</label>
				</control>
				<control type="label"> <!-- STUDIO -->
					<posx>0</posx>
					<posy>35</posy>
					<width>680</width>
					<height>30</height>
					<label>$INFO[VideoPlayer.Studio]</label>
					<align>left</align>
					<aligny>center</aligny>
					<font>cirrus_20</font>
					<textcolor>grey</textcolor>
					<shadowcolor>black</shadowcolor>
					<visible>VideoPlayer.Content(Movies)</visible>
				</control>
				<control type="label"> <!-- TVSHOWTITLE -->
					<posx>0</posx>
					<posy>35</posy>
					<width>680</width>
					<height>30</height>
					<label>$INFO[VideoPlayer.TVShowTitle] ($INFO[VideoPlayer.Season]$INFO[VideoPlayer.Episode,x])</label>
					<align>left</align>
					<aligny>center</aligny>
					<scroll>true</scroll>
					<font>cirrus_20</font>
					<textcolor>grey</textcolor>
					<shadowcolor>black</shadowcolor>
					<visible>VideoPlayer.Content(Episodes)</visible>
				</control>
				<control type="label"> <!-- MUSICTITLE -->
					<posx>0</posx>
					<posy>35</posy>
					<width>680</width>
					<height>30</height>
					<label>$INFO[VideoPlayer.Artist]$INFO[VideoPlayer.Album, - ]</label>
					<align>left</align>
					<aligny>center</aligny>
					<font>cirrus_20</font>
					<textcolor>grey</textcolor>
					<shadowcolor>black</shadowcolor>
					<visible>VideoPlayer.Content(MusicVideos)</visible>
				</control>
				<control type="label"> <!-- TITLE -->
					<posx>0</posx>
					<posy>75</posy>
					<width>530</width>
					<height>30</height>
					<label>$INFO[VideoPlayer.Title]</label>
					<scroll>true</scroll>
					<align>left</align>
					<aligny>center</aligny>
					<font>cirrus_30</font>
					<textcolor>white</textcolor>
					<shadowcolor>black</shadowcolor>
				</control>
				<control type="label"> <!-- CHAPTER -->
					<description>Chapter Count</description>
					<posx>890</posx>
					<posy>45</posy>
					<width>500</width>
					<height>20</height>
					<label>$INFO[Player.Chapter,[COLOR=orange]$LOCALIZE[21396]:[/COLOR] ]$INFO[Player.ChapterCount, / ] - $INFO[Player.ChapterName]</label>
					<align>right</align>
					<aligny>center</aligny>
					<font>cirrus_16</font>
					<textcolor>grey2</textcolor>
					<shadowcolor>black</shadowcolor>
					<visible>Player.ChapterCount + !substring(Player.ChapterName,00:00:00.097)</visible>
				</control>
				<control type="label"> <!-- TIME -->
					<description>Player Times</description>
					<posx>890</posx>
					<posy>75</posy>
					<width>500</width>
					<height>25</height>
					<label>$INFO[Player.Time]$INFO[Player.Duration, / ]</label>
					<align>right</align>
					<aligny>center</aligny>
					<font>cirrus_35</font>
					<textcolor>grey</textcolor>
					<shadowcolor>black</shadowcolor>
				</control>
				<control type="label"> <!-- END TIME -->
					<description>Current Video End Time</description>
					<posx>890</posx>
					<posy>110</posy>
					<width>890</width>
					<height>20</height>
					<label>[COLOR=orange]$LOCALIZE[31049][/COLOR] $INFO[Player.FinishTime]</label>
					<align>right</align>
					<aligny>center</aligny>
					<font>cirrus_20</font>
					<textcolor>grey2</textcolor>
					<shadowcolor>black</shadowcolor>
				</control>
			</control>
		</control>
		<control type="group">
		  <posx>140r</posx><!-- 140r -->
		  <posy>220r</posy>
		  <animation effect="slide" start="0,0" end="60,0" delay="0" time="300" condition="Window.IsVisible(MuteBug)">conditional</animation>
		  <animation effect="slide" start="0,0" end="210,0" delay="0" time="300" condition="Window.Next(Home) | Window.IsVisible(FullscreenVideo) | Window.IsVisible(Visualisation)">WindowClose</animation>
		  <animation effect="slide" start="210,0" end="0,0" delay="0" time="300" condition="Window.Previous(Home) | Window.IsVisible(FullscreenVideo) | Window.IsVisible(Visualisation)">WindowOpen</animation>
			<control type="largeimage">
			  <animation effect="slide" start="400,0" end="0,0" time="300">WindowOpen</animation> 
			  <animation effect="slide" start="0,0" end="400,0" time="300">WindowClose</animation> 
			  <description>TV Show Image</description> 
			  <posx>400r</posx> 
			  <posy>-128</posy> 
			  <width>356</width> 
			  <height>200</height> 
			  <texture fallback="blank.png">$INFO[Player.FolderPath]../clearart.png</texture> 
			  <texture fallback="blank.png">$INFO[Player.FolderPath]clearart.png</texture> 
			  <aspectratio>keep</aspectratio> 
			  <visible>Skin.HasSetting(clearart) + VideoPlayer.Content(episodes)</visible> 
			</control>
			<control type="label">
				<description>time label</description>
				<posx>20</posx>
				<posy>20</posy>
				<width>400</width>
				<height>28</height>
				<align>left</align>
				<aligny>center</aligny>
				<font>cirrus_40</font>
				<textcolor>white</textcolor>
				<label>$INFO[System.Time]</label>
				<shadowcolor>black</shadowcolor>
			</control>
		

    </control>
	</controls>
</window>