<window id="6">
  <defaultcontrol always="true">50</defaultcontrol>
  <allowoverlay>no</allowoverlay>
  <views>50,508,500</views>
  <controls>
    <include>CommonVideoBackground</include>
    <control type="image">
      <posx>0</posx>
      <posy>0</posy>
      <width>1280</width>
      <height>720</height>
      <texture background="true">$INFO[ListItem.Property(Fanart_Image)]</texture>
      <include>backgroundfade</include>
      <fadetime>FanartCrossfadeTime</fadetime>
      <visible>!Skin.HasSetting(VideoFilesFanart) | Control.IsVisible(508)</visible>
      <include>Window_OpenClose_Animation</include>    
    </control>
    <include>CommonMediaPlayingBackground</include>
	<control type="group">
      <include>Window_OpenClose_Animation</include>    
      <control type="image">
        <posx>0</posx>
        <posy>0</posy>
        <width>1280</width>
        <height>720</height>
        <texture border="20">black-back.png</texture>
        <include>VisibleFadeEffect</include>
        <visible>Control.IsVisible(50)</visible>
      </control>
	  <control type="image">
		<posx>0</posx>
		<posy>120</posy>
		<width>1280</width>
		<height>480</height>
		<texture border="20">videoinfoback.png</texture>
		<aspectratio>stretch</aspectratio>
		<visible>Control.IsVisible(50)</visible>
	  </control>
      <control type="group">
        <!-- MAIN LIST VIEW -->
        <include>VisibleFadeEffect</include>
        <visible>Control.IsVisible(50)</visible>
      </control>
    </control>
    <control type="group">
      <include>Window_OpenClose_Animation</include>    
      <include>CommonRootView</include> <!-- view id = 50 -->
	  <include>ThumbnailView</include> 
      <include>Fanart</include> <!-- view id = 508 -->
    </control>
    <include>CommonPageCount</include>
    <include>BehindDialogFadeOut</include>
    <include>ScrollOffsetLabel</include>
	<control type="group">
      <posx>10</posx>
      <posy>50</posy>
      <animation effect="slide" end="-310,0" time="400" tween="quadratic" easing="out">WindowClose</animation>
      <animation effect="slide" start="-310,0" time="400" tween="quadratic" easing="out">WindowOpen</animation>
      <control type="label">
        <include>WindowTitleCommons</include>
        <posx>10</posx>
        <label>$LOCALIZE[31021]</label>
      </control>
    </control>
    <control type="group">
      <animation effect="slide" start="0,0" end="250,0" time="400" tween="quadratic" easing="out" condition="ControlGroup(9000).HasFocus | ControlGroup(9001).HasFocus | Control.HasFocus(8999)">Conditional</animation>
      <animation effect="slide" start="0,0" end="-250,0" time="400" tween="quadratic" easing="out" condition="ControlGroup(9000).HasFocus | ControlGroup(9001).HasFocus">WindowClose</animation>
      <control type="group">
        <animation effect="slide" end="-240,0" time="300" tween="quadratic" easing="out">WindowClose</animation>
        <animation effect="slide" start="-15,0" end="0,0" time="300" tween="quadratic" easing="out">WindowOpen</animation>
		<control type="image">
		  <posx>0</posx>
		  <posy>0</posy>
		  <width>1</width>
		  <height>720</height>
		   <texture>blackgradient.png</texture>
		  <animation effect="zoom" start="0,0,1,720" end="0,0,229,720" time="300" tween="quadratic" easing="out" condition="Control.HasFocus(98) | ControlGroup(9001).HasFocus">Conditional</animation>
		</control>
		<control type="image">
		  <posx>1</posx>
		  <posy>0</posy>
		  <width>12</width>
		  <height>720</height>
		  <texture>blackgradient.png</texture> 
		  <animation effect="slide" end="228,0" time="300" tween="quadratic" easing="out" condition="Control.HasFocus(98) | ControlGroup(9001).HasFocus">Conditional</animation>
		</control>
      </control>
      <include>SideBladeLeft</include>
		<control type="image">
			<description>VIEW OPTIONS TEXT</description>
			<posx>-230</posx>
			<posy>50</posy>
			<width>220</width>
			<height>80</height>
			<aspectratio>keep</aspectratio>
			<texture>viewoptions.png</texture>
		</control>
      <control type="group" id="9000">
        <posx>-250</posx>
        <posy>130</posy>
        <include>CommonNowPlaying</include>
        <control type="button" id="2">
          <description>View As button</description>
          <posx>0</posx>
          <posy>0</posy>
          <include>ButtonCommonValues</include>
          <label>-</label>
          <onleft>50</onleft>
          <onright>50</onright>
          <onup>201</onup>
          <ondown>3</ondown>
        </control>
        <control type="button" id="3">
          <description>Sort by button</description>
          <posx>0</posx>
          <posy>40</posy>
          <include>ButtonCommonValues</include>
          <label>103</label>
          <onleft>50</onleft>
          <onright>4</onright>
          <onup>2</onup>
          <ondown>99</ondown>
        </control>
        <control type="togglebutton" id="4">
          <description>Sort asc</description>
          <posx>220</posx>
          <posy>53</posy>
          <label>-</label>
          <onleft>3</onleft>
          <onright>50</onright>
          <onup>2</onup>
          <ondown>99</ondown>
        </control>
        <control type="radiobutton" id="99">
          <description>Library button</description>
          <posx>0</posx>
          <posy>80</posy>
          <label>$LOCALIZE[29800]</label>
          <onclick>ReplaceWindow(VideoLibrary)</onclick>
          <selected>Window.IsVisible(VideoLibrary)</selected>
          <include>ButtonCommonValues</include>
          <onleft>50</onleft>
          <onright>50</onright>
          <onup>3</onup>
          <ondown>7</ondown>
          <enable>Library.HasContent(Video)</enable>
        </control>
        <control type="radiobutton" id="7">
          <description>Stack Toggle</description>
		  <posx>0</posx>
          <posy>120</posy>
          <include>ButtonCommonValues</include>
          <label>346</label>
          <onleft>50</onleft>
          <onright>50</onright>
          <onup>99</onup>
          <ondown>201</ondown>
        </control>
        <control type="radiobutton" id="201">
          <description>Toggle Fanart</description>
		  <posx>0</posx>
          <posy>160</posy>
          <include>ButtonMediaSubCommonValues</include>
          <label>31307</label>
          <onclick>Skin.ToggleSetting(VideoFilesFanart)</onclick>
          <selected>Skin.HasSetting(VideoFilesFanart)</selected>
          <visible>!Control.IsVisible(508)</visible>
          <onleft>50</onleft>
          <onright>50</onright>
          <onup>7</onup>
          <ondown>2</ondown>
        </control>
      </control>
    </control>
    
    <include>Clock</include>
  </controls>
</window>
