<window id="123">
  <defaultcontrol>5</defaultcontrol>
  <coordinates>
    <system>1</system>
    <posx>240</posx>
    <posy>115</posy>
  </coordinates>
  <include>dialogeffect</include>
  <controls>
    <control type="group">
      <animation effect="fade" start="100" end="0" time="400" condition="Window.IsVisible(SliderDialog) | Window.IsVisible(FileBrowser)">Conditional</animation>
      <control type="image">
        <description>background image</description>
        <posx>0</posx>
        <posy>0</posy>
        <width>800</width>
        <height>490</height>
        <colordiffuse>DDFFFFFF</colordiffuse>
        <texture border="40">dialogbackground.png</texture>
      </control>
      <control type="label">
        <description>header label</description>
        <posx>20</posx>
        <posy>18</posy>
        <width>760</width>
        <height>30</height>
        <font>font13_title</font>
        <label>$LOCALIZE[3] - $LOCALIZE[5]</label>
        <align>center</align>
        <aligny>center</aligny>
        <textcolor>white</textcolor>
        <shadowcolor>black</shadowcolor>
        <visible>Window.IsVisible(123)</visible>
      </control>
      <control type="label">
        <description>header label</description>
        <posx>20</posx>
        <posy>18</posy>
        <width>760</width>
        <height>30</height>
        <font>font13_title</font>
        <label>$LOCALIZE[292] - $LOCALIZE[5]</label>
        <align>center</align>
        <aligny>center</aligny>
        <textcolor>white</textcolor>
        <shadowcolor>black</shadowcolor>
        <visible>Window.IsVisible(124)</visible>
      </control>
      <control type="label" id="3">
        <description>No Settings Label</description>
        <posx>20</posx>
        <posy>180</posy>
        <width>760</width>
        <align>center</align>
        <label>13390</label>
        <font>font13caps</font>
      </control>
      <control type="grouplist" id="5">
        <description>control area</description>
        <posx>40</posx>
        <posy>65</posy>
        <width>720</width>
        <height>395</height>
        <itemgap>-1</itemgap>
        <pagecontrol>60</pagecontrol>
        <onleft>60</onleft>
        <onright>60</onright>
        <onup>5</onup>
        <ondown>5</ondown>
      </control>
      <control type="scrollbar" id="60">
        <posx>760</posx>
        <posy>65</posy>
        <width>25</width>
        <height>390</height>
        <texturesliderbackground border="0,14,0,14">ScrollBarV.png</texturesliderbackground>
        <texturesliderbar border="0,14,0,14">ScrollBarV_bar.png</texturesliderbar>
        <texturesliderbarfocus border="0,14,0,14">ScrollBarV_bar_focus.png</texturesliderbarfocus>
        <textureslidernib>ScrollBarNib.png</textureslidernib>
        <textureslidernibfocus>ScrollBarNib.png</textureslidernibfocus>
        <onleft>5</onleft>
        <onright>5</onright>
        <ondown>61</ondown>
        <onup>61</onup>
        <showonepage>false</showonepage>
        <orientation>vertical</orientation>
      </control>
    </control>
    <control type="sliderex" id="10">
      <description>Default Slider</description>
      <height>40</height>
      <texturefocus border="0,2,0,2">menuitemFO.png</texturefocus>
      <texturenofocus border="0,2,0,2">menuitemNF.png</texturenofocus>
      <font>font13</font>
      <textcolor>grey2</textcolor>
      <focusedcolor>white</focusedcolor>
    </control>
    <control type="button" id="7">
      <description>Default Button</description>
      <posx>0</posx>
      <posy>0</posy>
      <height>40</height>
      <font>font13</font>
      <textcolor>grey2</textcolor>
      <focusedcolor>white</focusedcolor>
      <texturefocus border="0,2,0,2">menuitemFO.png</texturefocus>
      <texturenofocus border="0,2,0,2">menuitemNF.png</texturenofocus>
    </control>
    <control type="radiobutton" id="8">
      <description>Default RadioButton</description>
      <posx>0</posx>
      <posy>0</posy>
      <height>40</height>
      <font>font13</font>
      <textcolor>grey2</textcolor>
      <focusedcolor>white</focusedcolor>
      <texturefocus border="0,2,0,2">menuitemFO.png</texturefocus>
      <texturenofocus border="0,2,0,2">menuitemNF.png</texturenofocus>
    </control>
    <control type="spincontrolex" id="9">
      <description>Default SpinControlex</description>
      <posx>0</posx>
      <posy>0</posy>
      <height>40</height>
      <font>font13</font>
      <textcolor>grey2</textcolor>
      <focusedcolor>white</focusedcolor>
      <texturefocus border="0,2,0,2">menuitemFO.png</texturefocus>
      <texturenofocus border="0,2,0,2">menuitemNF.png</texturenofocus>
      <aligny>center</aligny>
      <reverse>yes</reverse>
    </control>
    <control type="image" id="11">
      <description>separator image</description>
      <height>2</height>
      <texture>separator2.png</texture>
    </control>
  </controls>
</window>
