<includes>
<!-- ===================================================================================== -->
<!-- ================================= FANART VIEW ID 508 ================================ -->
<!-- ==================================== Movies only ==================================== -->
	<include name="Fanart">
		<control type="image"> <!-- Black gradient down the bottom -->
			<posx>0</posx>
			<posy>300r</posy>
			<width>1280</width>
			<height>500</height>
			<texture>homenowplayingback.png</texture>
			<aspectratio>stretch</aspectratio>
		</control>
		<control type="image"> <!-- Black gradient up the top -->
			<posx>0</posx>
			<posy>0</posy>
			<width>1280</width>
			<height>300</height>
			<texture>blackgradientvert.png</texture>
			<aspectratio>stretch</aspectratio>
		</control>
		<control type="group">
			<visible>Control.IsVisible(508)</visible>
			<include>VisibleFadeEffect</include>
			<posx>0</posx>
			<posy>490</posy>
			<control type="fixedlist" id="508">
				<visible>Container.Content(Movies) | Window.IsVisible(VideoFiles)</visible>
				<posx>-20</posx>
				<posy>0</posy>
				<width>1320</width>
				<height>250</height>
				<onleft>508</onleft>
				<onright>508</onright>
				<onup>2</onup>
				<ondown>60</ondown>
				<viewtype label="31029">wrap</viewtype>
				<pagecontrol>60</pagecontrol>
				<scrolltime>200</scrolltime>
				<focusposition>5</focusposition>
				<movement>3</movement>
				<orientation>horizontal</orientation>
				<preloaditems>4</preloaditems>
				<itemlayout height="200" width="120">
					<control type="image">
						<posx>2</posx>
						<posy>25</posy>
						<width>120</width>
						<height>160</height>
						<aspectratio>stretch</aspectratio>
						<bordertexture border="5">button-nofocus.png</bordertexture>
						<bordersize>4</bordersize>
						<fadetime>200</fadetime>
						<texture background="true">$INFO[ListItem.Icon]</texture>
					</control>
					<control type="image">
						<posx>6</posx>
						<posy>27</posy>
						<width>112</width>
						<height>155</height>
						<aspectratio>stretch</aspectratio>
						<texture>black-back.png</texture>
						<colordiffuse>AAFFFFFF</colordiffuse>
					</control>
					<control type="image">
						<posx>2</posx>
						<posy>180</posy>
						<width>120</width>
						<height>160</height>
						<aspectratio>stretch</aspectratio>
						<bordertexture border="5" diffuse="diffuse_mirror2.png">button-nofocus.png</bordertexture>
						<bordersize>4</bordersize>
						<fadetime>200</fadetime>
						<texture background="true" flipy="true" diffuse="diffuse_mirror2.png">$INFO[ListItem.Icon]</texture>
					</control>
				</itemlayout>
				<focusedlayout height="310" width="120">
					<control type="image">
						<posx>-2</posx>
						<posy>25</posy>
						<width>128</width>
						<height>168</height>
						<aspectratio>stretch</aspectratio>
						<bordertexture border="8">ThumbBorder.png</bordertexture>
						<bordersize>8</bordersize>
						<fadetime>200</fadetime>
						<texture background="true">$INFO[ListItem.Icon]</texture>
						<animation reversible="false" effect="zoom" start="-2,16,128,168" end="-12,-10,148,198" time="200">focus</animation>
						<animation reversible="false" effect="zoom" end="-2,16,128,168" start="-12,-10,148,198" time="200">unfocus</animation>
					</control>
					<control type="image">
						<posx>90</posx>
						<posy>150</posy>
						<width>35</width>
						<height>35</height>
						<aspectratio>keep</aspectratio>
						<texture>$INFO[ListItem.Overlay]</texture>
						<animation type="focus">
							<effect type="fade" start="0" end="100" time="200" />
							<effect type="slide" start="0,0" end="10,5" time="200" />
						</animation>
						<animation type="unfocus">
							<effect type="fade" start="100" end="0" time="200" />
							<effect type="slide" end="0,0" start="10,5" time="200" />
						</animation>
					</control>
				</focusedlayout>
			</control>
			<!-- MOVIE INFO TOP RIGHT CORNER WHEN HIDEINFO is ON -->
			<control type="group">
			<posx>460</posx>
			<posy>-455</posy>
				<control type="label">
					<description>title</description>
					<posx>25r</posx>
					<posy>0</posy>
					<width>800</width>
					<height>30</height>
					<font>cirrus_30</font>
					<textcolor>white</textcolor>
					<shadowcolor>black</shadowcolor>
					<scroll>true</scroll>
					<align>right</align>
					<aligny>center</aligny>
					<label>$INFO[ListItem.Label]</label>
					<visible>Skin.HasSetting(View508HideInfo)</visible>
				</control>
				<control type="label">
					<posx>25r</posx>
					<posy>35</posy>
					<width>800</width>
					<height>30</height>
					<font>cirrus_24</font>
					<textcolor>white</textcolor>
					<shadowcolor>black</shadowcolor>
					<scroll>true</scroll>
					<align>right</align>
					<aligny>center</aligny>
					<label>$INFO[ListItem.Genre]</label>
					<visible>Skin.HasSetting(View508HideInfo)</visible>
				</control>
				<control type="grouplist">
					<description>Media Codec Flagging Images</description>
					<posx>0</posx>
					<posy>70</posy>
					<width>800</width>
					<align>right</align>
					<itemgap>10</itemgap>
					<orientation>horizontal</orientation>
					<include>VideoCodecFlaggingConditions</include>
					<include>AudioCodecFlaggingConditions</include>
					<include>AspectCodecFlaggingConditions</include>
					<include>VideoTypeHackFlaggingConditions</include>
					<visible>Skin.HasSetting(View508HideInfo)</visible>
				</control>
			</control>
			<control type="scrollbar" id="60">
				<posx>0</posx>
				<posy>195</posy>
				<width>1280</width>
				<height>25</height>
				<texturesliderbackground border="14,0,14,0">ScrollBarH.png</texturesliderbackground>
				<texturesliderbar border="14,0,14,0">ScrollBarH_bar.png</texturesliderbar>
				<texturesliderbarfocus border="14,0,14,0">ScrollBarH_bar_focus.png</texturesliderbarfocus>
				<textureslidernib>ScrollBarNib.png</textureslidernib>
				<textureslidernibfocus>ScrollBarNib.png</textureslidernibfocus>
				<onup>508</onup>
				<ondown>2</ondown>
				<showonepage>false</showonepage>
				<orientation>horizontal</orientation>
				<visible>Control.IsVisible(508)</visible>
			</control>
		</control>
		<!-- WHEN INFO IS NOT HIDDEN -->
		<control type="group">
			<posx>0</posx>
			<posy>110</posy>
			<visible>Control.IsVisible(508) + !Skin.HasSetting(View508HideInfo) + !Window.IsVisible(VideoFiles) + ![ListItem.IsFolder + Container.Content(Movies)]</visible>
			<include>VisibleFadeEffect</include>
			<control type="image">
				<posx>0</posx>
				<posy>0</posy>
				<width>1280</width>
				<height>380</height>
				<texture border="20">videoinfoback.png</texture>
				<aspectratio>stretch</aspectratio>
			</control>
			<control type="group">
				<posx>40</posx>
				<posy>20</posy>
				<visible>Container.Content(Movies)</visible>
				<control type="fadelabel">
					<posx>0</posx>
					<posy>0</posy>
					<width>540</width>
					<height>30</height>
					<font>cirrus_40</font>
					<textcolor>white</textcolor>
					<shadowcolor>black</shadowcolor>
					<scroll>true</scroll>
					<align>left</align>
					<aligny>center</aligny>
					<label>$INFO[ListItem.Title]</label>
					<scrollout>false</scrollout>
					<pauseatend>2000</pauseatend>
				</control>
				<control type="label">
					<posx>0</posx>
					<posy>50</posy>
					<width>540</width>
					<height>30</height>
					<font>cirrus_24</font>
					<textcolor>white</textcolor>
					<shadowcolor>black</shadowcolor>
					<scroll>false</scroll>
					<align>left</align>
					<aligny>center</aligny>
					<label>$INFO[ListItem.Genre,[COLOR=orange]$LOCALIZE[515]:[/COLOR] ]</label>
					<scrollout>false</scrollout>
					<pauseatend>2000</pauseatend>
				</control>
				<control type="fadelabel">
					<posx>0</posx>
					<posy>100</posy>
					<width>470</width>
					<height>30</height>
					<font>cirrus_30</font>
					<textcolor>white</textcolor>
					<shadowcolor>black</shadowcolor>
					<scroll>true</scroll>
					<align>left</align>
					<aligny>center</aligny>
					<label>[COLOR=orange]$INFO[ListItem.Year][/COLOR] $INFO[ListItem.Duration]</label>
					<scrollout>false</scrollout>
					<pauseatend>2000</pauseatend>
					<visible>SubString(ListItem.Duration,mins)</visible>
				</control>
				<control type="fadelabel">
					<posx>0</posx>
					<posy>100</posy>
					<width>470</width>
					<height>30</height>
					<font>cirrus_30</font>
					<textcolor>white</textcolor>
					<shadowcolor>black</shadowcolor>
					<scroll>true</scroll>
					<align>left</align>
					<aligny>center</aligny>
					<label>[COLOR=orange]$INFO[ListItem.Year][/COLOR] $INFO[ListItem.Duration] mins</label>
					<scrollout>false</scrollout>
					<pauseatend>2000</pauseatend>
					<visible>!SubString(ListItem.Duration,mins) + !stringcompare(ListItem.Label,..) + !ListItem.IsFolder</visible>
				</control>
				<control type="textbox">
					<description>Movie Plot</description>
					<posx>0</posx>
					<posy>160</posy>
					<width>540</width>
					<height>118</height>
					<font>cirrus_16</font>
					<align>justify</align>
					<textcolor>white</textcolor>
					<label>$INFO[ListItem.Plot]</label>
					<autoscroll time="2000" delay="3000" repeat="5000">Skin.HasSetting(AutoScroll)</autoscroll>
				</control>
			</control>
			<control type="group">
			<posx>-30</posx>
				<control type="image">
					<posx>630</posx>
					<posy>10</posy>
					<width>640</width>
					<height>360</height>
					<aspectratio aligny="bottom">stretch</aspectratio>
					<fadetime>IconCrossfadeTime</fadetime>
					<texture background="true" diffuse="maskfanart.png">$INFO[ListItem.Property(Fanart_Image)]</texture>
				</control>
				<control type="multiimage">
					<posx>630</posx>
					<posy>10</posy>
					<width>640</width>
					<height>360</height>
					<aspectratio aligny="bottom">stretch</aspectratio>
					<fadetime>IconCrossfadeTime</fadetime>
					<texture background="true" diffuse="maskfanart.png">$INFO[ListItem.Property(Fanart_Image)]</texture>
					<timeperimage>3000</timeperimage>
					<imagepath background="true" diffuse="maskfanart.png">$INFO[ListItem.Path]\extrathumbs</imagepath>
				</control>
				<control type="image">
					<posx>630</posx>
					<posy>10</posy>
					<width>570</width>
					<height>360</height>
					<aspectratio aligny="top">stretch</aspectratio>
					<fadetime>IconCrossfadeTime</fadetime>
					<texture diffuse="maskfanart.png">GlassOverlay2.png</texture>
				</control>
				<control type="image">
					<posx>630</posx>
					<posy>28</posy>
					<width>640</width>
					<height>360</height>
					<aspectratio>keep</aspectratio>
					<fadetime>IconCrossfadeTime</fadetime>
					<texture background="true" diffuse="maskfanart.png">videoinfobottom.png</texture>
				</control>
				<control type="image">
					<posx>630</posx>
					<posy>10</posy>
					<width>640</width>
					<height>360</height>
					<aspectratio aligny="bottom">stretch</aspectratio>
					<fadetime>IconCrossfadeTime</fadetime>
					<texture>border-fanart.png</texture>
				</control>
				<control type="grouplist">
					<description>Media Codec Flagging Images</description>
					<posx>630</posx>
					<posy>332</posy>
					<width>640</width>
					<align>center</align>
					<itemgap>15</itemgap>
					<orientation>horizontal</orientation>
					<include>VideoCodecFlaggingConditions</include>
					<include>AudioCodecFlaggingConditions</include>
					<include>AspectCodecFlaggingConditions</include>
					<include>VideoTypeHackFlaggingConditions</include>
				</control>
			</control>
			<control type="grouplist">
				<description>MPAA Rating Flagging Images</description>
				<posx>305</posx>
				<posy>305</posy>
				<width>249</width>
				<align>left</align>
				<itemgap>0</itemgap>
				<orientation>horizontal</orientation>
				<include>VideoMPAAFlaggingConditions</include>
			</control>
			<control type="image">
				<description>Rating value</description>
				<posx>80</posx>
				<posy>315</posy>
				<align>left</align>
				<width>200</width>
				<height>40</height>
				<texture>$INFO[Listitem.StarRating]</texture>
			</control>
			<control type="image">
			  <width>150</width>
			  <height>87</height>
			  <posx>380</posx>
			  <posy>90</posy>
			  <aspectratio align="center">keep</aspectratio>
			  <texture border="2">$INFO[listitem.Studio,flagging/studios/,.png]</texture>
			</control>
		</control>
	</include>
<!-- ===================================================================================== -->
<!-- =================================== WALL VIEW ID 513 ================================ -->
<!-- ============================= Movies, TV Shows top level============================= -->
	<include name="WallView">
		<control type="group">
		<visible>Control.IsVisible(513)</visible>
			<control type="image"> <!-- bottom bar background -->
				<posx>0</posx>
				<posy>100r</posy>
				<width>1280</width>
				<height>170</height>
				<aspectratio>stretch</aspectratio>
 				<texture>rightlistbackground.png</texture>
			</control>
			<control type="image"> <!-- darken the background a bit -->
				<posx>0</posx>
				<posy>0</posy>
				<width>1280</width>
				<height>620</height>
				<aspectratio>stretch</aspectratio>
 				<texture>black-back3.png</texture>
			</control>
			<control type="image">
				<posx>640</posx>
				<posy>560</posy>
				<width>40</width>
				<height>64</height>
				<aspectratio>keep</aspectratio>
				<texture>downarrowNF.png</texture>
			</control>
			<control type="image">
				<posx>640</posx>
				<posy>90</posy>
				<width>40</width>
				<height>64</height>
				<aspectratio>keep</aspectratio>
				<texture flipy="true">downarrowNF.png</texture>
			</control>
			<!-- wall panel -->
			<control type="panel" id="513">
				<posx>65</posx>
				<posy>140</posy>
				<width>1250</width>
				<height>435</height>
				<onleft>4</onleft>
				<onright>513</onright>
				<onup>513</onup>
				<ondown>513</ondown>
				<viewtype label="WallView">panel</viewtype>
				<orientation>vertical</orientation>
				<pagecontrol>60</pagecontrol>
				<scrolltime>200</scrolltime>
				<preloaditems>1</preloaditems>
				<visible>Container.Content(Movies) | Container.Content(TVShows)</visible>
				<itemlayout height="216" width="144">
					<control type="group">
						<posx>0</posx>
						<posy>0</posy>
						<control type="image">
							<posx>0</posx>
							<posy>0</posy>
							<width>144</width>
							<height>216	</height>
							<bordersize>5</bordersize>
							<aspectratio>stretch</aspectratio>
							<fadetime>200</fadetime>
							<texture background="true" diffuse="maskposter.png">$INFO[Listitem.Icon]</texture>
						</control>
						<control type="image">
							<posx>0</posx>
							<posy>0</posy>
							<width>144</width>
							<height>216	</height>
							<bordersize>5</bordersize>
							<aspectratio>stretch</aspectratio>
							<fadetime>200</fadetime>
							<texture diffuse="maskposter.png">GlassOverlay2.png</texture>
						</control>
					</control>		
				</itemlayout>
				<focusedlayout height="323" width="225">
					<control type="group">	
						<posx>0</posx>
						<posy>0</posy>
						<animation reversible="false" effect="zoom"  end="-27,-33,300,425" time="100">focus</animation>
						<animation reversible="false" effect="zoom" start="-27,-33,300,425" time="100">unfocus</animation>
						<control type="image">
							<posx>0</posx>
							<posy>0</posy>
							<width>160</width>
							<height>230</height>
							<aspectratio>stretch</aspectratio>
							<fadetime>200</fadetime>
							<bordersize>18</bordersize>
							<texture background="true">blank.png</texture>
							<bordertexture border="18">ThumbShadow2.png</bordertexture>
						</control>
						<control type="image">
							<posx>0</posx>
							<posy>0</posy>
							<width>144</width>
							<height>216</height>
							<aspectratio>stretch</aspectratio>
							<fadetime>200</fadetime>
							<bordersize>8</bordersize>
							<texture background="true" diffuse="maskposter.png">$INFO[Listitem.Icon]</texture>
							<bordertexture border="8">ThumbBorder.png</bordertexture>
						</control>
						<control type="image">
							<posx>0</posx>
							<posy>0</posy>
							<width>144</width>
							<height>216</height>
							<aspectratio>stretch</aspectratio>
							<fadetime>200</fadetime>
							<bordersize>8</bordersize>
							<texture diffuse="maskposter.png">GlassOverlay2.png</texture>
						</control>
					</control>
				</focusedlayout>
			</control>		
			<!-- Movie info down thebottom -->	
			<control type="group">
				<posx>20</posx>
				<posy>360</posy>
				<visible>Container.Content(Movies)</visible>
				<control type="group">
					<posx>280</posx>
					<posy>270</posy>
					<control type="label">
						<description>Year Label</description>
						<posx>0</posx>
						<posy>10</posy>
						<width>320</width>
						<height>25</height>
						<label>[COLOR=orange]$INFO[ListItem.Year]  [/COLOR]$INFO[ListItem.Duration]</label>
						<align>left</align>
						<aligny>center</aligny>
						<font>cirrus_40</font>
						<textcolor>white</textcolor>
						<shadowcolor>black</shadowcolor>
						<visible>SubString(ListItem.Duration,mins)</visible>
					</control>
					<control type="label">
						<description>Year Label</description>
						<posx>0</posx>
						<posy>10</posy>
						<width>320</width>
						<height>25</height>
						<label>[COLOR=orange]$INFO[ListItem.Year]  [/COLOR]$INFO[ListItem.Duration] mins</label>
						<align>left</align>
						<aligny>center</aligny>
						<font>cirrus_40</font>
						<textcolor>white</textcolor>
						<shadowcolor>black</shadowcolor>
						<visible>!SubString(ListItem.Duration,mins) + !stringcompare(ListItem.Label,..) + !ListItem.IsFolder</visible>
					</control>
					<control type="label">
						<description>Genre label</description>
						<posx>0</posx>
						<posy>45</posy>
						<width>400</width>
						<height>25</height>
						<label>$INFO[ListItem.Genre]</label>
						<align>left</align>
						<aligny>center</aligny>
						<font>cirrus_24</font>
						<textcolor>white</textcolor>
						<shadowcolor>black</shadowcolor>
					</control>
				</control>
				<control type="image">
					<width>170</width>
					<height>65</height>
					<posx>180r</posx>
					<posy>280</posy>
					<aspectratio>keep</aspectratio>
					<align>right</align>
					<aligny>bottom</aligny>
					<texture>$INFO[listitem.Studio,flagging/studios/,.png]</texture>
				</control>
				<control type="grouplist"> <!-- MPAA Rating -->
					<description>MPAA Rating Flagging Images</description>
					<posx>0</posx>
					<posy>280</posy>
					<width>249</width>
					<height>57</height>
					<align>right</align>
					<itemgap>0</itemgap>
					<orientation>horizontal</orientation>
					<include>VideoMPAAFlaggingConditions</include>
				</control>
				<control type="grouplist">
					<description>Media Codec Flagging Images</description>
					<posx>650r</posx>
					<posy>300</posy>
					<width>490</width>
					<align>right</align>
					<itemgap>10</itemgap>
					<orientation>horizontal</orientation>
					<include>VideoCodecFlaggingConditions</include>
					<include>AudioCodecFlaggingConditions</include>
					<include>AspectCodecFlaggingConditions</include>
					<include>VideoTypeHackFlaggingConditions</include>
				</control>
			</control>
			<!-- TV Show info down the bottom -->
			<control type="group">
				<posx>30</posx>
				<posy>625</posy>
				<visible>[Control.IsVisible(513) | Container.Content(TVShows)] + !Container.Content(Movies)</visible>
				<control type="label">
					<description>Genre</description>
					<posx>1180</posx>
					<posy>-550</posy>
					<width>700</width>
					<height>25</height>
					<label fallback="416">$INFO[listitem.genre]</label>
					<align>right</align>
					<aligny>center</aligny>
					<font>cirrus_24</font>
					<scroll>true</scroll>
					<textcolor>orange</textcolor>
					<shadowcolor>black</shadowcolor>
				</control>
				<control type="label">
					<description>Episodes</description>
					<posx>0</posx>
					<posy>10</posy>
					<width>580</width>
					<height>25</height>
					<label fallback="416">[COLOR=orange]Episodes: [/COLOR]$INFO[listitem.episode] [COLOR=grey] ($INFO[ListItem.Property(WatchedEpisodes),, $LOCALIZE[16102]] - $INFO[ListItem.Property(UnWatchedEpisodes), , $LOCALIZE[16101]])[/COLOR]</label>
					<align>left</align>
					<aligny>center</aligny>
					<font>cirrus_30</font>
					<scroll>true</scroll>
				</control>
				<control type="label">
					<description>First Aired</description>
					<posx>0</posx>
					<posy>55</posy>
					<width>440</width>
					<height>25</height>
					<label fallback="416">[COLOR=orange]$LOCALIZE[20416]: [/COLOR]$INFO[listitem.premiered]</label>
					<align>left</align>
					<aligny>center</aligny>
					<font>cirrus_24</font>
					<scroll>true</scroll>
				</control>
				<control type="image">
					<width>146</width>
					<height>100</height>
					<posx>430r</posx>
					<posy>-3</posy>
					<fadetime>100</fadetime>
					<aspectratio>keep</aspectratio>
					<texture>$INFO[listitem.Studio,flagging/studios/,.png]</texture>
				</control>
				<!-- TV SHOW LOGO -->
				<control type="largeimage" id="7914"> 
					<posx>260r</posx> 
					<posy>0</posy> 
					<width>232</width> 
					<height>90</height> 
					<texture fallback="notvshowlogo.png">$INFO[ListItem.path]logo.png</texture> 
					<fadetime>100</fadetime> 
					<aspectratio scalediffuse="false">keep</aspectratio> 
					<visible></visible> 
				</control>			
			</control>
		</control>
	</include>
<!-- ===================================================================================== -->
<!-- ============================== HALF WALL VIEW ID 514 ================================ -->
<!-- =================================== Movies Only ===================================== -->
	<include name="HalfWallView">
		<control type="group">
			<visible>Control.IsVisible(514)</visible>
			<control type="image"> <!-- darken the background a bit -->
				<posx>0</posx>
				<posy>0</posy>
				<width>660</width>
				<height>720</height>
				<aspectratio>stretch</aspectratio>
 				<texture>black-back.png</texture>
			</control>
			<control type="image"> <!-- right panel behind the wall -->
				<posx>620r</posx>
				<posy>0</posy>
				<width>620</width>
				<height>720</height>
				<texture border="15,0,0,0">homesubbackground.png</texture>
			</control>
			<!-- PANEL -->
			<control type="panel" id="514">
				<posx>670</posx>
				<posy>50</posy>
				<width>680</width>
				<height>650</height>
				<onleft>4</onleft>
				<onright>60</onright>
				<onup>514</onup>
				<ondown>514</ondown>
				<viewtype label="HalfWallView">panel</viewtype>
				<pagecontrol>60</pagecontrol>
				<scrolltime>200</scrolltime>
				<preloaditems>200</preloaditems>
				<visible>Container.Content(Movies)</visible>
				<itemlayout height="216" width="144">
					<control type="image">
						<posx>0</posx>
						<posy>0</posy>
						<width>144</width>
						<height>216	</height>
						<bordersize>5</bordersize>
						<aspectratio>stretch</aspectratio>
						<fadetime>200</fadetime>
						<texture background="true" diffuse="maskposter.png">$INFO[Listitem.Icon]</texture> 
					</control>
					<control type="image">
						<posx>0</posx>
						<posy>0</posy>
						<width>144</width>
						<height>216	</height>
						<bordersize>5</bordersize>
						<aspectratio>stretch</aspectratio>
						<fadetime>200</fadetime>
						<texture background="true" diffuse="maskposter.png">GlassOverlay2.png</texture> 
					</control>	
				</itemlayout>
				<focusedlayout height="323" width="225">
					<control type="group">	
						<posx>0</posx>
						<posy>0</posy>
						<animation effect="slide" end="30,0" time="200" reversible="true" condition="Container.Column(0)">conditional</animation>
						<animation effect="slide" end="0,34" time="200" reversible="true" condition="Container.Row(0)">conditional</animation>
						<animation effect="slide" end="0,-37" time="200" reversible="true" condition="Container.Row(2)">conditional</animation>
						<animation effect="slide" end="-28,0" time="200" reversible="true" condition="Container.Column(3)">conditional</animation>
						<animation reversible="false" effect="zoom"  end="-27,-33,300,425" time="200">focus</animation>
						<animation reversible="false" effect="zoom" start="-27,-33,300,425" time="0">unfocus</animation>
						<control type="image">
							<posx>0</posx>
							<posy>0</posy>
							<width>160</width>
							<height>230</height>
							<aspectratio>stretch</aspectratio>
							<fadetime>200</fadetime>
							<bordersize>18</bordersize>
							<texture background="true">blank.png</texture>
							<bordertexture border="18">ThumbShadow2.png</bordertexture>
						</control>
						<control type="image">
							<posx>0</posx>
							<posy>0</posy>
							<width>144</width>
							<height>216</height>
							<aspectratio>stretch</aspectratio>
							<fadetime>200</fadetime>
							<bordersize>8</bordersize>
							<texture background="true" diffuse="maskposter.png">$INFO[Listitem.Icon]</texture>
							<bordertexture border="8">ThumbBorder.png</bordertexture>
						</control>
						<control type="image">
							<posx>0</posx>
							<posy>0</posy>
							<width>144</width>
							<height>216</height>
							<aspectratio>stretch</aspectratio>
							<fadetime>200</fadetime>
							<bordersize>8</bordersize>
							<texture background="true" diffuse="maskposter.png">GlassOverlay2.png</texture>
						</control>
					</control>
				</focusedlayout>
			</control>
			<control type="group">
				<visible>!stringcompare(ListItem.Label,..) + !ListItem.IsFolder</visible>
				<include>VisibleFadeEffect</include>
				<control type="group"> <!-- Labels -->
					<posx>20</posx>
					<posy>120</posy>
					<visible>Container.Content(Movies)</visible>
					<control type="fadelabel">
						<posx>0</posx>
						<posy>0</posy>
						<width>620</width>
						<height>30</height>
						<font>cirrus_40</font>
						<textcolor>white</textcolor>
						<shadowcolor>black</shadowcolor>
						<scroll>true</scroll>
						<align>left</align>
						<aligny>center</aligny>
						<label>$INFO[ListItem.Title]</label>
						<scrollout>false</scrollout>
						<pauseatend>2000</pauseatend>
					</control>
					<control type="label">
						<posx>0</posx>
						<posy>40</posy>
						<width>380</width>
						<height>30</height>
						<font>cirrus_24</font>
						<textcolor>white</textcolor>
						<shadowcolor>black</shadowcolor>
						<scroll>false</scroll>
						<align>left</align>
						<aligny>center</aligny>
						<label>$INFO[ListItem.Genre,[COLOR=orange]$LOCALIZE[515]:[/COLOR] ]</label>
						<scrollout>false</scrollout>
						<pauseatend>2000</pauseatend>
					</control>
					<control type="fadelabel">
						<posx>0</posx>
						<posy>80</posy>
						<width>220</width>
						<height>30</height>
						<font>cirrus_30</font>
						<textcolor>white</textcolor>
						<shadowcolor>black</shadowcolor>
						<scroll>true</scroll>
						<align>left</align>
						<aligny>center</aligny>
						<label>[COLOR=orange]$INFO[ListItem.Year][/COLOR] $INFO[ListItem.Duration]</label>
						<scrollout>false</scrollout>
						<pauseatend>2000</pauseatend>
						<visible>SubString(ListItem.Duration,mins)</visible>
					</control>
					<control type="fadelabel">
						<posx>0</posx>
						<posy>80</posy>
						<width>220</width>
						<height>30</height>
						<font>cirrus_30</font>
						<textcolor>white</textcolor>
						<shadowcolor>black</shadowcolor>
						<scroll>true</scroll>
						<align>left</align>
						<aligny>center</aligny>
						<label>[COLOR=orange]$INFO[ListItem.Year][/COLOR] $INFO[ListItem.Duration] mins</label>
						<scrollout>false</scrollout>
						<pauseatend>2000</pauseatend>
						<visible>!SubString(ListItem.Duration,mins)+ !stringcompare(ListItem.Label,..) + !ListItem.IsFolder</visible>
					</control>
					<control type="textbox">
						<description>Movie Plot</description>
						<posx>0</posx>
						<posy>120</posy>
						<width>620</width>
						<height>98</height>
						<font>cirrus_16</font>
						<align>justify</align>
						<textcolor>white</textcolor>
						<label>$INFO[ListItem.Plot]</label>
						<autoscroll time="2000" delay="3000" repeat="5000">Skin.HasSetting(AutoScroll)</autoscroll>
					</control>
				</control>
				<control type="grouplist">
					<description>MPAA Rating Flagging Images</description>
					<posx>390</posx>
					<posy>20</posy>
					<width>249</width>
					<align>left</align>
					<itemgap>0</itemgap>
					<orientation>horizontal</orientation>
					<include>VideoMPAAFlaggingConditions</include>
				</control>
				<control type="group"> <!-- Fanart and media flags -->
					<posx>10</posx>
					<posy>340</posy>
					<width>640</width>
					<height>360</height>
					<control type="image">
						<posx>0</posx>
						<posy>10</posy>
						<width>640</width>
						<height>360</height>
						<aspectratio aligny="bottom">stretch</aspectratio>
						<fadetime>IconCrossfadeTime</fadetime>
						<texture background="true" diffuse="maskfanart.png">$INFO[ListItem.Property(Fanart_Image)]</texture>
					</control>
					<control type="image">
						<posx>0</posx>
						<posy>10</posy>
						<width>640</width>
						<height>360</height>
						<aspectratio aligny="top">stretch</aspectratio>
						<fadetime>IconCrossfadeTime</fadetime>
						<texture diffuse="maskfanart.png">GlassOverlay2.png</texture>
					</control>
					<control type="image">
						<posx>0</posx>
						<posy>11</posy>
						<width>640</width>
						<height>360</height>
						<aspectratio aligny="bottom">keep</aspectratio>
						<fadetime>IconCrossfadeTime</fadetime>
						<texture background="true" diffuse="maskfanart.png">videoinfobottom.png</texture>
					</control>
					<control type="image">
						<posx>0</posx>
						<posy>10</posy>
						<width>640</width>
						<height>360</height>
						<aspectratio aligny="bottom">stretch</aspectratio>
						<fadetime>IconCrossfadeTime</fadetime>
						<texture>border-fanart.png</texture>
					</control>
					<control type="grouplist">
						<description>Media Codec Flagging Images</description>
						<posx>0</posx>
						<posy>332</posy>
						<width>640</width>
						<align>center</align>
						<itemgap>15</itemgap>
						<orientation>horizontal</orientation>
						<include>VideoCodecFlaggingConditions</include>
						<include>AudioCodecFlaggingConditions</include>
						<include>AspectCodecFlaggingConditions</include>
						<include>VideoTypeHackFlaggingConditions</include>
					</control>
				</control>
				<control type="image">
					<description>Rating value</description>
					<posx>390</posx>
					<posy>190</posy>
					<align>center</align>
					<width>249</width>
					<height>40</height>
					<aspectratio>keep</aspectratio>
					<texture>$INFO[Listitem.StarRating]</texture>
				</control>
			</control>
			<control type="scrollbar" id="60">
				<posx>1249</posx>
				<posy>36</posy>
				<width>25</width>
				<height>650</height>
				<texturesliderbackground border="0,14,0,14">ScrollBarV.png</texturesliderbackground>
				<texturesliderbar border="0,14,0,14">ScrollBarV_bar.png</texturesliderbar>
				<texturesliderbarfocus border="0,14,0,14">ScrollBarV_bar_focus.png</texturesliderbarfocus>
				<textureslidernib>ScrollBarNib.png</textureslidernib>
				<textureslidernibfocus>ScrollBarNib.png</textureslidernibfocus>
				<onleft>513</onleft>
				<onright>513</onright>
				<showonepage>false</showonepage>
				<orientation>vertical</orientation>
			</control>
		</control>
	</include>
<!-- ===================================================================================== -->
<!-- ============================== BANNER WALL VIEW ID 519 ============================== -->
<!-- =================================== TV Shows only =================================== -->
	<include name="BannerWallView">
		<control type="group">
		<visible>Control.IsVisible(519)</visible>
			<control type="image"> <!-- bottom bar background -->
				<posx>0</posx>
				<posy>170r</posy>
				<width>1280</width>
				<height>170</height>
				<aspectratio>stretch</aspectratio>
 				<texture>rightlistbackground.png</texture>
			</control>
			<control type="image"> <!-- darken the background a bit -->
				<posx>0</posx>
				<posy>0</posy>
				<width>1280</width>
				<height>720</height>
				<aspectratio>stretch</aspectratio>
 				<texture>black-back3.png</texture>
			</control>
			<control type="image">
				<posx>35r</posx>
				<posy>350</posy>
				<width>30</width>
				<height>40</height>
				<texture>rightarrow.png</texture>
			</control>
			<control type="image">
				<posx>5</posx>
				<posy>350</posy>
				<width>30</width>
				<height>40</height>
				<texture flipx="true">rightarrow.png</texture>
			</control>
			<!-- wall panel -->
			<control type="panel" id="519">
				<posx>65</posx>
				<posy>120</posy>
				<width>1150</width>
				<height>435</height>
				<onleft>519</onleft>
				<onright>519</onright>
				<onup>4</onup>
				<ondown>519</ondown>
				<viewtype label="BannerWallView">panel</viewtype>
				<orientation>horizontal</orientation>
				<pagecontrol>60</pagecontrol>
				<scrolltime>200</scrolltime>
				<preloaditems>2</preloaditems>
				<visible>Container.Content(TVShows)</visible>
				<itemlayout height="106" width="575">
					<control type="group">
						<posx>0</posx>
						<posy>0</posy>
						<control type="image">
							<posx>0</posx>
							<posy>0</posy>
							<visible>!Skin.HasSetting(bannerWallView)</visible> 
							<width>575</width>
							<height>106</height>
							<bordersize>5</bordersize>
							<aspectratio>stretch</aspectratio>
							<fadetime>200</fadetime>
							<texture background="true" diffuse="maskbanner.png">$INFO[Listitem.Icon]</texture>
						</control>
						<control type="image">
							<posx>0</posx>
							<posy>0</posy>
							<visible>Skin.HasSetting(bannerWallView)</visible> 
							<width>575</width>
							<height>106</height>
							<bordersize>5</bordersize>
							<aspectratio>stretch</aspectratio>
							<fadetime>200</fadetime>
							<texture background="true" diffuse="$INFO[Listitem.Icon]">$INFO[ListItem.Path]banner.jpg</texture>
						</control>
						<control type="image">
							<posx>0</posx>
							<posy>0</posy>
							<width>575</width>
							<height>106</height>
							<bordersize>5</bordersize>
							<aspectratio>stretch</aspectratio>
							<fadetime>200</fadetime>
							<texture diffuse="maskbanner.png">GlassOverlay2.png</texture>
						</control>
						<control type="image">
							<posx>0</posx>
							<posy>0</posy>
							<width>575</width>
							<height>106</height>
							<bordersize>5</bordersize>
							<fadetime>200</fadetime>
							<texture>border-banner.png</texture>
						</control>
					</control>
				</itemlayout>
				<focusedlayout height="140" width="758">
					<control type="group">	
						<posx>0</posx>
						<posy>0</posy>
						<control type="image">
							<posx>0</posx>
							<posy>0</posy>
							<width>575</width>
							<height>106</height>
							<aspectratio>stretch</aspectratio>
							<fadetime>200</fadetime>
							<bordersize>18</bordersize>
							<texture background="true">blank.png</texture>
							<bordertexture border="18">ThumbShadow2.png</bordertexture>
						</control>
						<control type="image">
							<posx>0</posx>
							<posy>0</posy>
							<visible>!Skin.HasSetting(bannerWallView)</visible> 
							<width>575</width>
							<height>106</height>
							<bordersize>5</bordersize>
							<aspectratio>stretch</aspectratio>
							<texture background="true" diffuse="maskbanner.png">$INFO[Listitem.Icon]</texture>
							<bordertexture border="8">folder-focus.png</bordertexture>
						</control>
						<control type="image">
							<posx>0</posx>
							<posy>0</posy>
							<visible>Skin.HasSetting(bannerWallView)</visible> 
							<width>575</width>
							<height>106</height>
							<bordersize>5</bordersize>
							<aspectratio>stretch</aspectratio>
							<texture background="true" diffuse="maskbanner.png">$INFO[ListItem.Path]banner.jpg</texture>
							<bordertexture border="8">folder-focus.png</bordertexture>
						</control>
						<control type="image">
							<posx>0</posx>
							<posy>0</posy>
							<width>575</width>
							<height>106</height>
							<aspectratio>stretch</aspectratio>
							<fadetime>200</fadetime>
							<bordersize>5</bordersize>
							<texture diffuse="maskbanner.png">GlassOverlay2.png</texture>
						</control>
					</control>
				</focusedlayout>
			</control>
			<!-- Tv show info down thebottom -->	
			<control type="group">
				<posx>30</posx>
				<posy>580</posy>
				<visible>Control.IsVisible(519) | Container.Content(TVShows)</visible>
				<control type="label">
					<description>Episodes</description>
					<posx>0</posx>
					<posy>0</posy>
					<width>580</width>
					<height>25</height>
					<label fallback="416">[COLOR=orange]Episodes: [/COLOR]$INFO[listitem.episode] [COLOR=grey] ($INFO[ListItem.Property(WatchedEpisodes),, $LOCALIZE[16102]] - $INFO[ListItem.Property(UnWatchedEpisodes), , $LOCALIZE[16101]])[/COLOR]</label>
					<align>left</align>
					<aligny>center</aligny>
					<font>cirrus_30</font>
					<scroll>true</scroll>
				</control>
				<control type="label">
					<description>First Aired</description>
					<posx>0</posx>
					<posy>45</posy>
					<width>440</width>
					<height>25</height>
					<label fallback="416">[COLOR=orange]$LOCALIZE[20416]: [/COLOR]$INFO[listitem.premiered]</label>
					<align>left</align>
					<aligny>center</aligny>
					<font>cirrus_24</font>
					<scroll>true</scroll>
				</control>
				<control type="label">
					<description>Genre</description>
					<posx>0</posx>
					<posy>85</posy>
					<width>440</width>
					<height>25</height>
					<label fallback="416">[COLOR=orange]Genre: [/COLOR]$INFO[listitem.genre]</label>
					<align>left</align>
					<aligny>center</aligny>
					<font>cirrus_24</font>
					<scroll>true</scroll>
				</control>
				<control type="image">
					<width>161</width>
					<height>110</height>
					<posx>570r</posx>
					<posy>0</posy>
					<fadetime>100</fadetime>
					<aspectratio>keep</aspectratio>
					<texture>$INFO[listitem.Studio,flagging/studios/,.png]</texture>
				</control>
				<!-- TV SHOW LOGO -->
				<control type="largeimage" id="7914"> 
					<posx>370r</posx> 
					<posy>-10</posy> 
					<width>335</width> 
					<height>130</height> 
					<texture fallback="notvshowlogo.png">$INFO[ListItem.path]logo.png</texture> 
					<fadetime>100</fadetime> 
					<aspectratio scalediffuse="false">keep</aspectratio> 
					<visible></visible> 
				</control>			
			</control>
		</control>
	</include>
</includes>
