<window id="122">
  <defaultcontrol>2</defaultcontrol>
  <coordinates>
    <system>1</system>
    <posx>240</posx>
    <posy>115</posy>
  </coordinates>
  <include>dialogeffect</include>
  <controls>
    <control type="group">
      <control type="image">
        <description>background image</description>
        <posx>0</posx>
        <posy>0</posy>
        <width>800</width>
        <height>490</height>
        <colordiffuse>DDFFFFFF</colordiffuse>
        <texture border="40">dialogbackground.png</texture>
      </control>
      <control type="label">
        <description>header label</description>
        <posx>20</posx>
        <posy>18</posy>
        <width>760</width>
        <height>30</height>
        <font>font13_title</font>
        <label>31048</label>
        <align>center</align>
        <aligny>center</aligny>
        <textcolor>white</textcolor>
        <shadowcolor>black</shadowcolor>
      </control>
      <control type="label" id="4">
        <description>No Settings Label</description>
        <posx>20</posx>
        <posy>180</posy>
        <width>760</width>
        <align>center</align>
        <label>13390</label>
        <font>font13caps</font>
      </control>
      <control type="list" id="2">
        <posx>40</posx>
        <posy>65</posy>
        <width>720</width>
        <height>395</height>
        <onleft>60</onleft>
        <onright>60</onright>
        <onup>2</onup>
        <ondown>2</ondown>
        <pagecontrol>60</pagecontrol>
        <scrolltime>200</scrolltime>
        <itemlayout height="40" width="720">
          <control type="image">
            <posx>0</posx>
            <posy>0</posy>
            <width>720</width>
            <height>41</height>
            <texture border="0,2,0,2">menuitemNF.png</texture>
          </control>
          <control type="label">
            <posx>0</posx>
            <posy>0</posy>
            <width>720</width>
            <height>40</height>
            <font>font13</font>
            <textcolor>grey2</textcolor>
            <selectedcolor>selected</selectedcolor>
            <align>left</align>
            <aligny>center</aligny>
            <label>$INFO[ListItem.Label]</label>
          </control>
        </itemlayout>
        <focusedlayout height="40" width="720">
          <control type="image">
            <posx>0</posx>
            <posy>0</posy>
            <width>720</width>
            <height>41</height>
            <texture border="0,2,0,2">menuitemNF.png</texture>
            <visible>!Control.HasFocus(2)</visible>
            <include>VisibleFadeEffect</include>
          </control>
          <control type="image">
            <posx>0</posx>
            <posy>0</posy>
            <width>720</width>
            <height>41</height>
            <texture border="0,2,0,2">menuitemFO.png</texture>
            <visible>Control.HasFocus(2)</visible>
            <include>VisibleFadeEffect</include>
          </control>
          <control type="label">
            <posx>0</posx>
            <posy>0</posy>
            <width>720</width>
            <height>40</height>
            <font>font13</font>
            <textcolor>white</textcolor>
            <selectedcolor>selected</selectedcolor>
            <align>left</align>
            <aligny>center</aligny>
            <label>$INFO[ListItem.Label]</label>
          </control>
        </focusedlayout>
      </control>
      <control type="scrollbar" id="60">
        <posx>760</posx>
        <posy>65</posy>
        <width>25</width>
        <height>390</height>
        <texturesliderbackground border="0,14,0,14">ScrollBarV.png</texturesliderbackground>
        <texturesliderbar border="0,14,0,14">ScrollBarV_bar.png</texturesliderbar>
        <texturesliderbarfocus border="0,14,0,14">ScrollBarV_bar_focus.png</texturesliderbarfocus>
        <textureslidernib>ScrollBarNib.png</textureslidernib>
        <textureslidernibfocus>ScrollBarNib.png</textureslidernibfocus>
        <onleft>2</onleft>
        <onright>2</onright>
        <ondown>60</ondown>
        <onup>60</onup>
        <showonepage>false</showonepage>
        <orientation>vertical</orientation>
      </control>
    </control>
  </controls>
</window>
